queryName,queryNameNormalized,areaCd,areaNm,signguCd,signguNm,fullRegionNm,matchType,matchNote
종로,종로,11,서울특별시,11110,종로구,서울특별시 종로구,sigungu_only,시군구명 단독 매칭은 중복 지명이 있을 수 있어 필요하면 시도명을 추가로 확인
종로구,종로구,11,서울특별시,11110,종로구,서울특별시 종로구,sigungu_only,시군구명 단독 매칭은 중복 지명이 있을 수 있어 필요하면 시도명을 추가로 확인
서울종로,서울종로,11,서울특별시,11110,종로구,서울특별시 종로구,area_sigungu,시도명과 시군구명을 함께 포함한 권장 매칭
서울시종로,서울시종로,11,서울특별시,11110,종로구,서울특별시 종로구,area_sigungu,시도명과 시군구명을 함께 포함한 권장 매칭
서울종로구,서울종로구,11,서울특별시,11110,종로구,서울특별시 종로구,area_sigungu,시도명과 시군구명을 함께 포함한 권장 매칭
서울시종로구,서울시종로구,11,서울특별시,11110,종로구,서울특별시 종로구,area_sigungu,시도명과 시군구명을 함께 포함한 권장 매칭
서울특별시종로,서울특별시종로,11,서울특별시,11110,종로구,서울특별시 종로구,area_sigungu,시도명과 시군구명을 함께 포함한 권장 매칭
서울특별시종로구,서울특별시종로구,11,서울특별시,11110,종로구,서울특별시 종로구,area_sigungu,시도명과 시군구명을 함께 포함한 권장 매칭
중,중,11,서울특별시,11140,중구,서울특별시 중구,sigungu_only,시군구명 단독 매칭은 중복 지명이 있을 수 있어 필요하면 시도명을 추가로 확인
중구,중구,11,서울특별시,11140,중구,서울특별시 중구,sigungu_only,시군구명 단독 매칭은 중복 지명이 있을 수 있어 필요하면 시도명을 추가로 확인
서울중,서울중,11,서울특별시,11140,중구,서울특별시 중구,area_sigungu,시도명과 시군구명을 함께 포함한 권장 매칭
서울시중,서울시중,11,서울특별시,11140,중구,서울특별시 중구,area_sigungu,시도명과 시군구명을 함께 포함한 권장 매칭
서울중구,서울중구,11,서울특별시,11140,중구,서울특별시 중구,area_sigungu,시도명과 시군구명을 함께 포함한 권장 매칭
서울시중구,서울시중구,11,서울특별시,11140,중구,서울특별시 중구,area_sigungu,시도명과 시군구명을 함께 포함한 권장 매칭
서울특별시중,서울특별시중,11,서울특별시,11140,중구,서울특별시 중구,area_sigungu,시도명과 시군구명을 함께 포함한 권장 매칭
서울특별시중구,서울특별시중구,11,서울특별시,11140,중구,서울특별시 중구,area_sigungu,시도명과 시군구명을 함께 포함한 권장 매칭
용산,용산,11,서울특별시,11170,용산구,서울특별시 용산구,sigungu_only,시군구명 단독 매칭은 중복 지명이 있을 수 있어 필요하면 시도명을 추가로 확인
용산구,용산구,11,서울특별시,11170,용산구,서울특별시 용산구,sigungu_only,시군구명 단독 매칭은 중복 지명이 있을 수 있어 필요하면 시도명을 추가로 확인
서울용산,서울용산,11,서울특별시,11170,용산구,서울특별시 용산구,area_sigungu,시도명과 시군구명을 함께 포함한 권장 매칭
서울시용산,서울시용산,11,서울특별시,11170,용산구,서울특별시 용산구,area_sigungu,시도명과 시군구명을 함께 포함한 권장 매칭
서울용산구,서울용산구,11,서울특별시,11170,용산구,서울특별시 용산구,area_sigungu,시도명과 시군구명을 함께 포함한 권장 매칭
서울시용산구,서울시용산구,11,서울특별시,11170,용산구,서울특별시 용산구,area_sigungu,시도명과 시군구명을 함께 포함한 권장 매칭
서울특별시용산,서울특별시용산,11,서울특별시,11170,용산구,서울특별시 용산구,area_sigungu,시도명과 시군구명을 함께 포함한 권장 매칭
서울특별시용산구,서울특별시용산구,11,서울특별시,11170,용산구,서울특별시 용산구,area_sigungu,시도명과 시군구명을 함께 포함한 권장 매칭
성동,성동,11,서울특별시,11200,성동구,서울특별시 성동구,sigungu_only,시군구명 단독 매칭은 중복 지명이 있을 수 있어 필요하면 시도명을 추가로 확인
성동구,성동구,11,서울특별시,11200,성동구,서울특별시 성동구,sigungu_only,시군구명 단독 매칭은 중복 지명이 있을 수 있어 필요하면 시도명을 추가로 확인
서울성동,서울성동,11,서울특별시,11200,성동구,서울특별시 성동구,area_sigungu,시도명과 시군구명을 함께 포함한 권장 매칭
서울성동구,서울성동구,11,서울특별시,11200,성동구,서울특별시 성동구,area_sigungu,시도명과 시군구명을 함께 포함한 권장 매칭
서울시성동,서울시성동,11,서울특별시,11200,성동구,서울특별시 성동구,area_sigungu,시도명과 시군구명을 함께 포함한 권장 매칭
서울시성동구,서울시성동구,11,서울특별시,11200,성동구,서울특별시 성동구,area_sigungu,시도명과 시군구명을 함께 포함한 권장 매칭
서울특별시성동,서울특별시성동,11,서울특별시,11200,성동구,서울특별시 성동구,area_sigungu,시도명과 시군구명을 함께 포함한 권장 매칭
서울특별시성동구,서울특별시성동구,11,서울특별시,11200,성동구,서울특별시 성동구,area_sigungu,시도명과 시군구명을 함께 포함한 권장 매칭
광진,광진,11,서울특별시,11215,광진구,서울특별시 광진구,sigungu_only,시군구명 단독 매칭은 중복 지명이 있을 수 있어 필요하면 시도명을 추가로 확인
광진구,광진구,11,서울특별시,11215,광진구,서울특별시 광진구,sigungu_only,시군구명 단독 매칭은 중복 지명이 있을 수 있어 필요하면 시도명을 추가로 확인
서울광진,서울광진,11,서울특별시,11215,광진구,서울특별시 광진구,area_sigungu,시도명과 시군구명을 함께 포함한 권장 매칭
서울광진구,서울광진구,11,서울특별시,11215,광진구,서울특별시 광진구,area_sigungu,시도명과 시군구명을 함께 포함한 권장 매칭
서울시광진,서울시광진,11,서울특별시,11215,광진구,서울특별시 광진구,area_sigungu,시도명과 시군구명을 함께 포함한 권장 매칭
서울시광진구,서울시광진구,11,서울특별시,11215,광진구,서울특별시 광진구,area_sigungu,시도명과 시군구명을 함께 포함한 권장 매칭
서울특별시광진,서울특별시광진,11,서울특별시,11215,광진구,서울특별시 광진구,area_sigungu,시도명과 시군구명을 함께 포함한 권장 매칭
서울특별시광진구,서울특별시광진구,11,서울특별시,11215,광진구,서울특별시 광진구,area_sigungu,시도명과 시군구명을 함께 포함한 권장 매칭
동대문,동대문,11,서울특별시,11230,동대문구,서울특별시 동대문구,sigungu_only,시군구명 단독 매칭은 중복 지명이 있을 수 있어 필요하면 시도명을 추가로 확인
동대문구,동대문구,11,서울특별시,11230,동대문구,서울특별시 동대문구,sigungu_only,시군구명 단독 매칭은 중복 지명이 있을 수 있어 필요하면 시도명을 추가로 확인
서울동대문,서울동대문,11,서울특별시,11230,동대문구,서울특별시 동대문구,area_sigungu,시도명과 시군구명을 함께 포함한 권장 매칭
서울동대문구,서울동대문구,11,서울특별시,11230,동대문구,서울특별시 동대문구,area_sigungu,시도명과 시군구명을 함께 포함한 권장 매칭
서울시동대문,서울시동대문,11,서울특별시,11230,동대문구,서울특별시 동대문구,area_sigungu,시도명과 시군구명을 함께 포함한 권장 매칭
서울시동대문구,서울시동대문구,11,서울특별시,11230,동대문구,서울특별시 동대문구,area_sigungu,시도명과 시군구명을 함께 포함한 권장 매칭
서울특별시동대문,서울특별시동대문,11,서울특별시,11230,동대문구,서울특별시 동대문구,area_sigungu,시도명과 시군구명을 함께 포함한 권장 매칭
서울특별시동대문구,서울특별시동대문구,11,서울특별시,11230,동대문구,서울특별시 동대문구,area_sigungu,시도명과 시군구명을 함께 포함한 권장 매칭
중랑,중랑,11,서울특별시,11260,중랑구,서울특별시 중랑구,sigungu_only,시군구명 단독 매칭은 중복 지명이 있을 수 있어 필요하면 시도명을 추가로 확인
중랑구,중랑구,11,서울특별시,11260,중랑구,서울특별시 중랑구,sigungu_only,시군구명 단독 매칭은 중복 지명이 있을 수 있어 필요하면 시도명을 추가로 확인
서울중랑,서울중랑,11,서울특별시,11260,중랑구,서울특별시 중랑구,area_sigungu,시도명과 시군구명을 함께 포함한 권장 매칭
서울시중랑,서울시중랑,11,서울특별시,11260,중랑구,서울특별시 중랑구,area_sigungu,시도명과 시군구명을 함께 포함한 권장 매칭
서울중랑구,서울중랑구,11,서울특별시,11260,중랑구,서울특별시 중랑구,area_sigungu,시도명과 시군구명을 함께 포함한 권장 매칭
서울시중랑구,서울시중랑구,11,서울특별시,11260,중랑구,서울특별시 중랑구,area_sigungu,시도명과 시군구명을 함께 포함한 권장 매칭
서울특별시중랑,서울특별시중랑,11,서울특별시,11260,중랑구,서울특별시 중랑구,area_sigungu,시도명과 시군구명을 함께 포함한 권장 매칭
서울특별시중랑구,서울특별시중랑구,11,서울특별시,11260,중랑구,서울특별시 중랑구,area_sigungu,시도명과 시군구명을 함께 포함한 권장 매칭
성북,성북,11,서울특별시,11290,성북구,서울특별시 성북구,sigungu_only,시군구명 단독 매칭은 중복 지명이 있을 수 있어 필요하면 시도명을 추가로 확인
성북구,성북구,11,서울특별시,11290,성북구,서울특별시 성북구,sigungu_only,시군구명 단독 매칭은 중복 지명이 있을 수 있어 필요하면 시도명을 추가로 확인
서울성북,서울성북,11,서울특별시,11290,성북구,서울특별시 성북구,area_sigungu,시도명과 시군구명을 함께 포함한 권장 매칭
서울성북구,서울성북구,11,서울특별시,11290,성북구,서울특별시 성북구,area_sigungu,시도명과 시군구명을 함께 포함한 권장 매칭
서울시성북,서울시성북,11,서울특별시,11290,성북구,서울특별시 성북구,area_sigungu,시도명과 시군구명을 함께 포함한 권장 매칭
서울시성북구,서울시성북구,11,서울특별시,11290,성북구,서울특별시 성북구,area_sigungu,시도명과 시군구명을 함께 포함한 권장 매칭
서울특별시성북,서울특별시성북,11,서울특별시,11290,성북구,서울특별시 성북구,area_sigungu,시도명과 시군구명을 함께 포함한 권장 매칭
서울특별시성북구,서울특별시성북구,11,서울특별시,11290,성북구,서울특별시 성북구,area_sigungu,시도명과 시군구명을 함께 포함한 권장 매칭
강북,강북,11,서울특별시,11305,강북구,서울특별시 강북구,sigungu_only,시군구명 단독 매칭은 중복 지명이 있을 수 있어 필요하면 시도명을 추가로 확인
강북구,강북구,11,서울특별시,11305,강북구,서울특별시 강북구,sigungu_only,시군구명 단독 매칭은 중복 지명이 있을 수 있어 필요하면 시도명을 추가로 확인
서울강북,서울강북,11,서울특별시,11305,강북구,서울특별시 강북구,area_sigungu,시도명과 시군구명을 함께 포함한 권장 매칭
서울강북구,서울강북구,11,서울특별시,11305,강북구,서울특별시 강북구,area_sigungu,시도명과 시군구명을 함께 포함한 권장 매칭
서울시강북,서울시강북,11,서울특별시,11305,강북구,서울특별시 강북구,area_sigungu,시도명과 시군구명을 함께 포함한 권장 매칭
서울시강북구,서울시강북구,11,서울특별시,11305,강북구,서울특별시 강북구,area_sigungu,시도명과 시군구명을 함께 포함한 권장 매칭
서울특별시강북,서울특별시강북,11,서울특별시,11305,강북구,서울특별시 강북구,area_sigungu,시도명과 시군구명을 함께 포함한 권장 매칭
서울특별시강북구,서울특별시강북구,11,서울특별시,11305,강북구,서울특별시 강북구,area_sigungu,시도명과 시군구명을 함께 포함한 권장 매칭
도봉,도봉,11,서울특별시,11320,도봉구,서울특별시 도봉구,sigungu_only,시군구명 단독 매칭은 중복 지명이 있을 수 있어 필요하면 시도명을 추가로 확인
도봉구,도봉구,11,서울특별시,11320,도봉구,서울특별시 도봉구,sigungu_only,시군구명 단독 매칭은 중복 지명이 있을 수 있어 필요하면 시도명을 추가로 확인
서울도봉,서울도봉,11,서울특별시,11320,도봉구,서울특별시 도봉구,area_sigungu,시도명과 시군구명을 함께 포함한 권장 매칭
서울도봉구,서울도봉구,11,서울특별시,11320,도봉구,서울특별시 도봉구,area_sigungu,시도명과 시군구명을 함께 포함한 권장 매칭
서울시도봉,서울시도봉,11,서울특별시,11320,도봉구,서울특별시 도봉구,area_sigungu,시도명과 시군구명을 함께 포함한 권장 매칭
서울시도봉구,서울시도봉구,11,서울특별시,11320,도봉구,서울특별시 도봉구,area_sigungu,시도명과 시군구명을 함께 포함한 권장 매칭
서울특별시도봉,서울특별시도봉,11,서울특별시,11320,도봉구,서울특별시 도봉구,area_sigungu,시도명과 시군구명을 함께 포함한 권장 매칭
서울특별시도봉구,서울특별시도봉구,11,서울특별시,11320,도봉구,서울특별시 도봉구,area_sigungu,시도명과 시군구명을 함께 포함한 권장 매칭
노원,노원,11,서울특별시,11350,노원구,서울특별시 노원구,sigungu_only,시군구명 단독 매칭은 중복 지명이 있을 수 있어 필요하면 시도명을 추가로 확인
노원구,노원구,11,서울특별시,11350,노원구,서울특별시 노원구,sigungu_only,시군구명 단독 매칭은 중복 지명이 있을 수 있어 필요하면 시도명을 추가로 확인
서울노원,서울노원,11,서울특별시,11350,노원구,서울특별시 노원구,area_sigungu,시도명과 시군구명을 함께 포함한 권장 매칭
서울노원구,서울노원구,11,서울특별시,11350,노원구,서울특별시 노원구,area_sigungu,시도명과 시군구명을 함께 포함한 권장 매칭
서울시노원,서울시노원,11,서울특별시,11350,노원구,서울특별시 노원구,area_sigungu,시도명과 시군구명을 함께 포함한 권장 매칭
서울시노원구,서울시노원구,11,서울특별시,11350,노원구,서울특별시 노원구,area_sigungu,시도명과 시군구명을 함께 포함한 권장 매칭
서울특별시노원,서울특별시노원,11,서울특별시,11350,노원구,서울특별시 노원구,area_sigungu,시도명과 시군구명을 함께 포함한 권장 매칭
서울특별시노원구,서울특별시노원구,11,서울특별시,11350,노원구,서울특별시 노원구,area_sigungu,시도명과 시군구명을 함께 포함한 권장 매칭
은평,은평,11,서울특별시,11380,은평구,서울특별시 은평구,sigungu_only,시군구명 단독 매칭은 중복 지명이 있을 수 있어 필요하면 시도명을 추가로 확인
은평구,은평구,11,서울특별시,11380,은평구,서울특별시 은평구,sigungu_only,시군구명 단독 매칭은 중복 지명이 있을 수 있어 필요하면 시도명을 추가로 확인
서울은평,서울은평,11,서울특별시,11380,은평구,서울특별시 은평구,area_sigungu,시도명과 시군구명을 함께 포함한 권장 매칭
서울시은평,서울시은평,11,서울특별시,11380,은평구,서울특별시 은평구,area_sigungu,시도명과 시군구명을 함께 포함한 권장 매칭
서울은평구,서울은평구,11,서울특별시,11380,은평구,서울특별시 은평구,area_sigungu,시도명과 시군구명을 함께 포함한 권장 매칭
서울시은평구,서울시은평구,11,서울특별시,11380,은평구,서울특별시 은평구,area_sigungu,시도명과 시군구명을 함께 포함한 권장 매칭
서울특별시은평,서울특별시은평,11,서울특별시,11380,은평구,서울특별시 은평구,area_sigungu,시도명과 시군구명을 함께 포함한 권장 매칭
서울특별시은평구,서울특별시은평구,11,서울특별시,11380,은평구,서울특별시 은평구,area_sigungu,시도명과 시군구명을 함께 포함한 권장 매칭
서대문,서대문,11,서울특별시,11410,서대문구,서울특별시 서대문구,sigungu_only,시군구명 단독 매칭은 중복 지명이 있을 수 있어 필요하면 시도명을 추가로 확인
서대문구,서대문구,11,서울특별시,11410,서대문구,서울특별시 서대문구,sigungu_only,시군구명 단독 매칭은 중복 지명이 있을 수 있어 필요하면 시도명을 추가로 확인
서울서대문,서울서대문,11,서울특별시,11410,서대문구,서울특별시 서대문구,area_sigungu,시도명과 시군구명을 함께 포함한 권장 매칭
서울서대문구,서울서대문구,11,서울특별시,11410,서대문구,서울특별시 서대문구,area_sigungu,시도명과 시군구명을 함께 포함한 권장 매칭
서울시서대문,서울시서대문,11,서울특별시,11410,서대문구,서울특별시 서대문구,area_sigungu,시도명과 시군구명을 함께 포함한 권장 매칭
서울시서대문구,서울시서대문구,11,서울특별시,11410,서대문구,서울특별시 서대문구,area_sigungu,시도명과 시군구명을 함께 포함한 권장 매칭
서울특별시서대문,서울특별시서대문,11,서울특별시,11410,서대문구,서울특별시 서대문구,area_sigungu,시도명과 시군구명을 함께 포함한 권장 매칭
서울특별시서대문구,서울특별시서대문구,11,서울특별시,11410,서대문구,서울특별시 서대문구,area_sigungu,시도명과 시군구명을 함께 포함한 권장 매칭
마포,마포,11,서울특별시,11440,마포구,서울특별시 마포구,sigungu_only,시군구명 단독 매칭은 중복 지명이 있을 수 있어 필요하면 시도명을 추가로 확인
마포구,마포구,11,서울특별시,11440,마포구,서울특별시 마포구,sigungu_only,시군구명 단독 매칭은 중복 지명이 있을 수 있어 필요하면 시도명을 추가로 확인
서울마포,서울마포,11,서울특별시,11440,마포구,서울특별시 마포구,area_sigungu,시도명과 시군구명을 함께 포함한 권장 매칭
서울마포구,서울마포구,11,서울특별시,11440,마포구,서울특별시 마포구,area_sigungu,시도명과 시군구명을 함께 포함한 권장 매칭
서울시마포,서울시마포,11,서울특별시,11440,마포구,서울특별시 마포구,area_sigungu,시도명과 시군구명을 함께 포함한 권장 매칭
서울시마포구,서울시마포구,11,서울특별시,11440,마포구,서울특별시 마포구,area_sigungu,시도명과 시군구명을 함께 포함한 권장 매칭
서울특별시마포,서울특별시마포,11,서울특별시,11440,마포구,서울특별시 마포구,area_sigungu,시도명과 시군구명을 함께 포함한 권장 매칭
서울특별시마포구,서울특별시마포구,11,서울특별시,11440,마포구,서울특별시 마포구,area_sigungu,시도명과 시군구명을 함께 포함한 권장 매칭
양천,양천,11,서울특별시,11470,양천구,서울특별시 양천구,sigungu_only,시군구명 단독 매칭은 중복 지명이 있을 수 있어 필요하면 시도명을 추가로 확인
양천구,양천구,11,서울특별시,11470,양천구,서울특별시 양천구,sigungu_only,시군구명 단독 매칭은 중복 지명이 있을 수 있어 필요하면 시도명을 추가로 확인
서울양천,서울양천,11,서울특별시,11470,양천구,서울특별시 양천구,area_sigungu,시도명과 시군구명을 함께 포함한 권장 매칭
서울시양천,서울시양천,11,서울특별시,11470,양천구,서울특별시 양천구,area_sigungu,시도명과 시군구명을 함께 포함한 권장 매칭
서울양천구,서울양천구,11,서울특별시,11470,양천구,서울특별시 양천구,area_sigungu,시도명과 시군구명을 함께 포함한 권장 매칭
서울시양천구,서울시양천구,11,서울특별시,11470,양천구,서울특별시 양천구,area_sigungu,시도명과 시군구명을 함께 포함한 권장 매칭
서울특별시양천,서울특별시양천,11,서울특별시,11470,양천구,서울특별시 양천구,area_sigungu,시도명과 시군구명을 함께 포함한 권장 매칭
서울특별시양천구,서울특별시양천구,11,서울특별시,11470,양천구,서울특별시 양천구,area_sigungu,시도명과 시군구명을 함께 포함한 권장 매칭
강서,강서,11,서울특별시,11500,강서구,서울특별시 강서구,sigungu_only,시군구명 단독 매칭은 중복 지명이 있을 수 있어 필요하면 시도명을 추가로 확인
강서구,강서구,11,서울특별시,11500,강서구,서울특별시 강서구,sigungu_only,시군구명 단독 매칭은 중복 지명이 있을 수 있어 필요하면 시도명을 추가로 확인
서울강서,서울강서,11,서울특별시,11500,강서구,서울특별시 강서구,area_sigungu,시도명과 시군구명을 함께 포함한 권장 매칭
서울강서구,서울강서구,11,서울특별시,11500,강서구,서울특별시 강서구,area_sigungu,시도명과 시군구명을 함께 포함한 권장 매칭
서울시강서,서울시강서,11,서울특별시,11500,강서구,서울특별시 강서구,area_sigungu,시도명과 시군구명을 함께 포함한 권장 매칭
서울시강서구,서울시강서구,11,서울특별시,11500,강서구,서울특별시 강서구,area_sigungu,시도명과 시군구명을 함께 포함한 권장 매칭
서울특별시강서,서울특별시강서,11,서울특별시,11500,강서구,서울특별시 강서구,area_sigungu,시도명과 시군구명을 함께 포함한 권장 매칭
서울특별시강서구,서울특별시강서구,11,서울특별시,11500,강서구,서울특별시 강서구,area_sigungu,시도명과 시군구명을 함께 포함한 권장 매칭
구로,구로,11,서울특별시,11530,구로구,서울특별시 구로구,sigungu_only,시군구명 단독 매칭은 중복 지명이 있을 수 있어 필요하면 시도명을 추가로 확인
구로구,구로구,11,서울특별시,11530,구로구,서울특별시 구로구,sigungu_only,시군구명 단독 매칭은 중복 지명이 있을 수 있어 필요하면 시도명을 추가로 확인
서울구로,서울구로,11,서울특별시,11530,구로구,서울특별시 구로구,area_sigungu,시도명과 시군구명을 함께 포함한 권장 매칭
서울구로구,서울구로구,11,서울특별시,11530,구로구,서울특별시 구로구,area_sigungu,시도명과 시군구명을 함께 포함한 권장 매칭
서울시구로,서울시구로,11,서울특별시,11530,구로구,서울특별시 구로구,area_sigungu,시도명과 시군구명을 함께 포함한 권장 매칭
서울시구로구,서울시구로구,11,서울특별시,11530,구로구,서울특별시 구로구,area_sigungu,시도명과 시군구명을 함께 포함한 권장 매칭
서울특별시구로,서울특별시구로,11,서울특별시,11530,구로구,서울특별시 구로구,area_sigungu,시도명과 시군구명을 함께 포함한 권장 매칭
서울특별시구로구,서울특별시구로구,11,서울특별시,11530,구로구,서울특별시 구로구,area_sigungu,시도명과 시군구명을 함께 포함한 권장 매칭
금천,금천,11,서울특별시,11545,금천구,서울특별시 금천구,sigungu_only,시군구명 단독 매칭은 중복 지명이 있을 수 있어 필요하면 시도명을 추가로 확인
금천구,금천구,11,서울특별시,11545,금천구,서울특별시 금천구,sigungu_only,시군구명 단독 매칭은 중복 지명이 있을 수 있어 필요하면 시도명을 추가로 확인
서울금천,서울금천,11,서울특별시,11545,금천구,서울특별시 금천구,area_sigungu,시도명과 시군구명을 함께 포함한 권장 매칭
서울금천구,서울금천구,11,서울특별시,11545,금천구,서울특별시 금천구,area_sigungu,시도명과 시군구명을 함께 포함한 권장 매칭
서울시금천,서울시금천,11,서울특별시,11545,금천구,서울특별시 금천구,area_sigungu,시도명과 시군구명을 함께 포함한 권장 매칭
서울시금천구,서울시금천구,11,서울특별시,11545,금천구,서울특별시 금천구,area_sigungu,시도명과 시군구명을 함께 포함한 권장 매칭
서울특별시금천,서울특별시금천,11,서울특별시,11545,금천구,서울특별시 금천구,area_sigungu,시도명과 시군구명을 함께 포함한 권장 매칭
서울특별시금천구,서울특별시금천구,11,서울특별시,11545,금천구,서울특별시 금천구,area_sigungu,시도명과 시군구명을 함께 포함한 권장 매칭
영등포,영등포,11,서울특별시,11560,영등포구,서울특별시 영등포구,sigungu_only,시군구명 단독 매칭은 중복 지명이 있을 수 있어 필요하면 시도명을 추가로 확인
영등포구,영등포구,11,서울특별시,11560,영등포구,서울특별시 영등포구,sigungu_only,시군구명 단독 매칭은 중복 지명이 있을 수 있어 필요하면 시도명을 추가로 확인
서울영등포,서울영등포,11,서울특별시,11560,영등포구,서울특별시 영등포구,area_sigungu,시도명과 시군구명을 함께 포함한 권장 매칭
서울시영등포,서울시영등포,11,서울특별시,11560,영등포구,서울특별시 영등포구,area_sigungu,시도명과 시군구명을 함께 포함한 권장 매칭
서울영등포구,서울영등포구,11,서울특별시,11560,영등포구,서울특별시 영등포구,area_sigungu,시도명과 시군구명을 함께 포함한 권장 매칭
서울시영등포구,서울시영등포구,11,서울특별시,11560,영등포구,서울특별시 영등포구,area_sigungu,시도명과 시군구명을 함께 포함한 권장 매칭
서울특별시영등포,서울특별시영등포,11,서울특별시,11560,영등포구,서울특별시 영등포구,area_sigungu,시도명과 시군구명을 함께 포함한 권장 매칭
서울특별시영등포구,서울특별시영등포구,11,서울특별시,11560,영등포구,서울특별시 영등포구,area_sigungu,시도명과 시군구명을 함께 포함한 권장 매칭
동작,동작,11,서울특별시,11590,동작구,서울특별시 동작구,sigungu_only,시군구명 단독 매칭은 중복 지명이 있을 수 있어 필요하면 시도명을 추가로 확인
동작구,동작구,11,서울특별시,11590,동작구,서울특별시 동작구,sigungu_only,시군구명 단독 매칭은 중복 지명이 있을 수 있어 필요하면 시도명을 추가로 확인
서울동작,서울동작,11,서울특별시,11590,동작구,서울특별시 동작구,area_sigungu,시도명과 시군구명을 함께 포함한 권장 매칭
서울동작구,서울동작구,11,서울특별시,11590,동작구,서울특별시 동작구,area_sigungu,시도명과 시군구명을 함께 포함한 권장 매칭
서울시동작,서울시동작,11,서울특별시,11590,동작구,서울특별시 동작구,area_sigungu,시도명과 시군구명을 함께 포함한 권장 매칭
서울시동작구,서울시동작구,11,서울특별시,11590,동작구,서울특별시 동작구,area_sigungu,시도명과 시군구명을 함께 포함한 권장 매칭
서울특별시동작,서울특별시동작,11,서울특별시,11590,동작구,서울특별시 동작구,area_sigungu,시도명과 시군구명을 함께 포함한 권장 매칭
서울특별시동작구,서울특별시동작구,11,서울특별시,11590,동작구,서울특별시 동작구,area_sigungu,시도명과 시군구명을 함께 포함한 권장 매칭
관악,관악,11,서울특별시,11620,관악구,서울특별시 관악구,sigungu_only,시군구명 단독 매칭은 중복 지명이 있을 수 있어 필요하면 시도명을 추가로 확인
관악구,관악구,11,서울특별시,11620,관악구,서울특별시 관악구,sigungu_only,시군구명 단독 매칭은 중복 지명이 있을 수 있어 필요하면 시도명을 추가로 확인
서울관악,서울관악,11,서울특별시,11620,관악구,서울특별시 관악구,area_sigungu,시도명과 시군구명을 함께 포함한 권장 매칭
서울관악구,서울관악구,11,서울특별시,11620,관악구,서울특별시 관악구,area_sigungu,시도명과 시군구명을 함께 포함한 권장 매칭
서울시관악,서울시관악,11,서울특별시,11620,관악구,서울특별시 관악구,area_sigungu,시도명과 시군구명을 함께 포함한 권장 매칭
서울시관악구,서울시관악구,11,서울특별시,11620,관악구,서울특별시 관악구,area_sigungu,시도명과 시군구명을 함께 포함한 권장 매칭
서울특별시관악,서울특별시관악,11,서울특별시,11620,관악구,서울특별시 관악구,area_sigungu,시도명과 시군구명을 함께 포함한 권장 매칭
서울특별시관악구,서울특별시관악구,11,서울특별시,11620,관악구,서울특별시 관악구,area_sigungu,시도명과 시군구명을 함께 포함한 권장 매칭
서초,서초,11,서울특별시,11650,서초구,서울특별시 서초구,sigungu_only,시군구명 단독 매칭은 중복 지명이 있을 수 있어 필요하면 시도명을 추가로 확인
서초구,서초구,11,서울특별시,11650,서초구,서울특별시 서초구,sigungu_only,시군구명 단독 매칭은 중복 지명이 있을 수 있어 필요하면 시도명을 추가로 확인
서울서초,서울서초,11,서울특별시,11650,서초구,서울특별시 서초구,area_sigungu,시도명과 시군구명을 함께 포함한 권장 매칭
서울서초구,서울서초구,11,서울특별시,11650,서초구,서울특별시 서초구,area_sigungu,시도명과 시군구명을 함께 포함한 권장 매칭
서울시서초,서울시서초,11,서울특별시,11650,서초구,서울특별시 서초구,area_sigungu,시도명과 시군구명을 함께 포함한 권장 매칭
서울시서초구,서울시서초구,11,서울특별시,11650,서초구,서울특별시 서초구,area_sigungu,시도명과 시군구명을 함께 포함한 권장 매칭
서울특별시서초,서울특별시서초,11,서울특별시,11650,서초구,서울특별시 서초구,area_sigungu,시도명과 시군구명을 함께 포함한 권장 매칭
서울특별시서초구,서울특별시서초구,11,서울특별시,11650,서초구,서울특별시 서초구,area_sigungu,시도명과 시군구명을 함께 포함한 권장 매칭
강남,강남,11,서울특별시,11680,강남구,서울특별시 강남구,sigungu_only,시군구명 단독 매칭은 중복 지명이 있을 수 있어 필요하면 시도명을 추가로 확인
강남구,강남구,11,서울특별시,11680,강남구,서울특별시 강남구,sigungu_only,시군구명 단독 매칭은 중복 지명이 있을 수 있어 필요하면 시도명을 추가로 확인
서울강남,서울강남,11,서울특별시,11680,강남구,서울특별시 강남구,area_sigungu,시도명과 시군구명을 함께 포함한 권장 매칭
서울강남구,서울강남구,11,서울특별시,11680,강남구,서울특별시 강남구,area_sigungu,시도명과 시군구명을 함께 포함한 권장 매칭
서울시강남,서울시강남,11,서울특별시,11680,강남구,서울특별시 강남구,area_sigungu,시도명과 시군구명을 함께 포함한 권장 매칭
서울시강남구,서울시강남구,11,서울특별시,11680,강남구,서울특별시 강남구,area_sigungu,시도명과 시군구명을 함께 포함한 권장 매칭
서울특별시강남,서울특별시강남,11,서울특별시,11680,강남구,서울특별시 강남구,area_sigungu,시도명과 시군구명을 함께 포함한 권장 매칭
서울특별시강남구,서울특별시강남구,11,서울특별시,11680,강남구,서울특별시 강남구,area_sigungu,시도명과 시군구명을 함께 포함한 권장 매칭
송파,송파,11,서울특별시,11710,송파구,서울특별시 송파구,sigungu_only,시군구명 단독 매칭은 중복 지명이 있을 수 있어 필요하면 시도명을 추가로 확인
송파구,송파구,11,서울특별시,11710,송파구,서울특별시 송파구,sigungu_only,시군구명 단독 매칭은 중복 지명이 있을 수 있어 필요하면 시도명을 추가로 확인
서울송파,서울송파,11,서울특별시,11710,송파구,서울특별시 송파구,area_sigungu,시도명과 시군구명을 함께 포함한 권장 매칭
서울송파구,서울송파구,11,서울특별시,11710,송파구,서울특별시 송파구,area_sigungu,시도명과 시군구명을 함께 포함한 권장 매칭
서울시송파,서울시송파,11,서울특별시,11710,송파구,서울특별시 송파구,area_sigungu,시도명과 시군구명을 함께 포함한 권장 매칭
서울시송파구,서울시송파구,11,서울특별시,11710,송파구,서울특별시 송파구,area_sigungu,시도명과 시군구명을 함께 포함한 권장 매칭
서울특별시송파,서울특별시송파,11,서울특별시,11710,송파구,서울특별시 송파구,area_sigungu,시도명과 시군구명을 함께 포함한 권장 매칭
서울특별시송파구,서울특별시송파구,11,서울특별시,11710,송파구,서울특별시 송파구,area_sigungu,시도명과 시군구명을 함께 포함한 권장 매칭
강동,강동,11,서울특별시,11740,강동구,서울특별시 강동구,sigungu_only,시군구명 단독 매칭은 중복 지명이 있을 수 있어 필요하면 시도명을 추가로 확인
강동구,강동구,11,서울특별시,11740,강동구,서울특별시 강동구,sigungu_only,시군구명 단독 매칭은 중복 지명이 있을 수 있어 필요하면 시도명을 추가로 확인
서울강동,서울강동,11,서울특별시,11740,강동구,서울특별시 강동구,area_sigungu,시도명과 시군구명을 함께 포함한 권장 매칭
서울강동구,서울강동구,11,서울특별시,11740,강동구,서울특별시 강동구,area_sigungu,시도명과 시군구명을 함께 포함한 권장 매칭
서울시강동,서울시강동,11,서울특별시,11740,강동구,서울특별시 강동구,area_sigungu,시도명과 시군구명을 함께 포함한 권장 매칭
서울시강동구,서울시강동구,11,서울특별시,11740,강동구,서울특별시 강동구,area_sigungu,시도명과 시군구명을 함께 포함한 권장 매칭
서울특별시강동,서울특별시강동,11,서울특별시,11740,강동구,서울특별시 강동구,area_sigungu,시도명과 시군구명을 함께 포함한 권장 매칭
서울특별시강동구,서울특별시강동구,11,서울특별시,11740,강동구,서울특별시 강동구,area_sigungu,시도명과 시군구명을 함께 포함한 권장 매칭
중,중,26,부산광역시,26110,중구,부산광역시 중구,sigungu_only,시군구명 단독 매칭은 중복 지명이 있을 수 있어 필요하면 시도명을 추가로 확인
중구,중구,26,부산광역시,26110,중구,부산광역시 중구,sigungu_only,시군구명 단독 매칭은 중복 지명이 있을 수 있어 필요하면 시도명을 추가로 확인
부산중,부산중,26,부산광역시,26110,중구,부산광역시 중구,area_sigungu,시도명과 시군구명을 함께 포함한 권장 매칭
부산시중,부산시중,26,부산광역시,26110,중구,부산광역시 중구,area_sigungu,시도명과 시군구명을 함께 포함한 권장 매칭
부산중구,부산중구,26,부산광역시,26110,중구,부산광역시 중구,area_sigungu,시도명과 시군구명을 함께 포함한 권장 매칭
부산시중구,부산시중구,26,부산광역시,26110,중구,부산광역시 중구,area_sigungu,시도명과 시군구명을 함께 포함한 권장 매칭
부산광역시중,부산광역시중,26,부산광역시,26110,중구,부산광역시 중구,area_sigungu,시도명과 시군구명을 함께 포함한 권장 매칭
부산광역시중구,부산광역시중구,26,부산광역시,26110,중구,부산광역시 중구,area_sigungu,시도명과 시군구명을 함께 포함한 권장 매칭
서,서,26,부산광역시,26140,서구,부산광역시 서구,sigungu_only,시군구명 단독 매칭은 중복 지명이 있을 수 있어 필요하면 시도명을 추가로 확인
서구,서구,26,부산광역시,26140,서구,부산광역시 서구,sigungu_only,시군구명 단독 매칭은 중복 지명이 있을 수 있어 필요하면 시도명을 추가로 확인
부산서,부산서,26,부산광역시,26140,서구,부산광역시 서구,area_sigungu,시도명과 시군구명을 함께 포함한 권장 매칭
부산서구,부산서구,26,부산광역시,26140,서구,부산광역시 서구,area_sigungu,시도명과 시군구명을 함께 포함한 권장 매칭
부산시서,부산시서,26,부산광역시,26140,서구,부산광역시 서구,area_sigungu,시도명과 시군구명을 함께 포함한 권장 매칭
부산시서구,부산시서구,26,부산광역시,26140,서구,부산광역시 서구,area_sigungu,시도명과 시군구명을 함께 포함한 권장 매칭
부산광역시서,부산광역시서,26,부산광역시,26140,서구,부산광역시 서구,area_sigungu,시도명과 시군구명을 함께 포함한 권장 매칭
부산광역시서구,부산광역시서구,26,부산광역시,26140,서구,부산광역시 서구,area_sigungu,시도명과 시군구명을 함께 포함한 권장 매칭
동,동,26,부산광역시,26170,동구,부산광역시 동구,sigungu_only,시군구명 단독 매칭은 중복 지명이 있을 수 있어 필요하면 시도명을 추가로 확인
동구,동구,26,부산광역시,26170,동구,부산광역시 동구,sigungu_only,시군구명 단독 매칭은 중복 지명이 있을 수 있어 필요하면 시도명을 추가로 확인
부산동,부산동,26,부산광역시,26170,동구,부산광역시 동구,area_sigungu,시도명과 시군구명을 함께 포함한 권장 매칭
부산동구,부산동구,26,부산광역시,26170,동구,부산광역시 동구,area_sigungu,시도명과 시군구명을 함께 포함한 권장 매칭
부산시동,부산시동,26,부산광역시,26170,동구,부산광역시 동구,area_sigungu,시도명과 시군구명을 함께 포함한 권장 매칭
부산시동구,부산시동구,26,부산광역시,26170,동구,부산광역시 동구,area_sigungu,시도명과 시군구명을 함께 포함한 권장 매칭
부산광역시동,부산광역시동,26,부산광역시,26170,동구,부산광역시 동구,area_sigungu,시도명과 시군구명을 함께 포함한 권장 매칭
부산광역시동구,부산광역시동구,26,부산광역시,26170,동구,부산광역시 동구,area_sigungu,시도명과 시군구명을 함께 포함한 권장 매칭
영도,영도,26,부산광역시,26200,영도구,부산광역시 영도구,sigungu_only,시군구명 단독 매칭은 중복 지명이 있을 수 있어 필요하면 시도명을 추가로 확인
영도구,영도구,26,부산광역시,26200,영도구,부산광역시 영도구,sigungu_only,시군구명 단독 매칭은 중복 지명이 있을 수 있어 필요하면 시도명을 추가로 확인
부산영도,부산영도,26,부산광역시,26200,영도구,부산광역시 영도구,area_sigungu,시도명과 시군구명을 함께 포함한 권장 매칭
부산시영도,부산시영도,26,부산광역시,26200,영도구,부산광역시 영도구,area_sigungu,시도명과 시군구명을 함께 포함한 권장 매칭
부산영도구,부산영도구,26,부산광역시,26200,영도구,부산광역시 영도구,area_sigungu,시도명과 시군구명을 함께 포함한 권장 매칭
부산시영도구,부산시영도구,26,부산광역시,26200,영도구,부산광역시 영도구,area_sigungu,시도명과 시군구명을 함께 포함한 권장 매칭
부산광역시영도,부산광역시영도,26,부산광역시,26200,영도구,부산광역시 영도구,area_sigungu,시도명과 시군구명을 함께 포함한 권장 매칭
부산광역시영도구,부산광역시영도구,26,부산광역시,26200,영도구,부산광역시 영도구,area_sigungu,시도명과 시군구명을 함께 포함한 권장 매칭
부산진,부산진,26,부산광역시,26230,부산진구,부산광역시 부산진구,sigungu_only,시군구명 단독 매칭은 중복 지명이 있을 수 있어 필요하면 시도명을 추가로 확인
부산진구,부산진구,26,부산광역시,26230,부산진구,부산광역시 부산진구,sigungu_only,시군구명 단독 매칭은 중복 지명이 있을 수 있어 필요하면 시도명을 추가로 확인
부산부산진,부산부산진,26,부산광역시,26230,부산진구,부산광역시 부산진구,area_sigungu,시도명과 시군구명을 함께 포함한 권장 매칭
부산부산진구,부산부산진구,26,부산광역시,26230,부산진구,부산광역시 부산진구,area_sigungu,시도명과 시군구명을 함께 포함한 권장 매칭
부산시부산진,부산시부산진,26,부산광역시,26230,부산진구,부산광역시 부산진구,area_sigungu,시도명과 시군구명을 함께 포함한 권장 매칭
부산시부산진구,부산시부산진구,26,부산광역시,26230,부산진구,부산광역시 부산진구,area_sigungu,시도명과 시군구명을 함께 포함한 권장 매칭
부산광역시부산진,부산광역시부산진,26,부산광역시,26230,부산진구,부산광역시 부산진구,area_sigungu,시도명과 시군구명을 함께 포함한 권장 매칭
부산광역시부산진구,부산광역시부산진구,26,부산광역시,26230,부산진구,부산광역시 부산진구,area_sigungu,시도명과 시군구명을 함께 포함한 권장 매칭
동래,동래,26,부산광역시,26260,동래구,부산광역시 동래구,sigungu_only,시군구명 단독 매칭은 중복 지명이 있을 수 있어 필요하면 시도명을 추가로 확인
동래구,동래구,26,부산광역시,26260,동래구,부산광역시 동래구,sigungu_only,시군구명 단독 매칭은 중복 지명이 있을 수 있어 필요하면 시도명을 추가로 확인
부산동래,부산동래,26,부산광역시,26260,동래구,부산광역시 동래구,area_sigungu,시도명과 시군구명을 함께 포함한 권장 매칭
부산동래구,부산동래구,26,부산광역시,26260,동래구,부산광역시 동래구,area_sigungu,시도명과 시군구명을 함께 포함한 권장 매칭
부산시동래,부산시동래,26,부산광역시,26260,동래구,부산광역시 동래구,area_sigungu,시도명과 시군구명을 함께 포함한 권장 매칭
부산시동래구,부산시동래구,26,부산광역시,26260,동래구,부산광역시 동래구,area_sigungu,시도명과 시군구명을 함께 포함한 권장 매칭
부산광역시동래,부산광역시동래,26,부산광역시,26260,동래구,부산광역시 동래구,area_sigungu,시도명과 시군구명을 함께 포함한 권장 매칭
부산광역시동래구,부산광역시동래구,26,부산광역시,26260,동래구,부산광역시 동래구,area_sigungu,시도명과 시군구명을 함께 포함한 권장 매칭
남,남,26,부산광역시,26290,남구,부산광역시 남구,sigungu_only,시군구명 단독 매칭은 중복 지명이 있을 수 있어 필요하면 시도명을 추가로 확인
남구,남구,26,부산광역시,26290,남구,부산광역시 남구,sigungu_only,시군구명 단독 매칭은 중복 지명이 있을 수 있어 필요하면 시도명을 추가로 확인
부산남,부산남,26,부산광역시,26290,남구,부산광역시 남구,area_sigungu,시도명과 시군구명을 함께 포함한 권장 매칭
부산남구,부산남구,26,부산광역시,26290,남구,부산광역시 남구,area_sigungu,시도명과 시군구명을 함께 포함한 권장 매칭
부산시남,부산시남,26,부산광역시,26290,남구,부산광역시 남구,area_sigungu,시도명과 시군구명을 함께 포함한 권장 매칭
부산시남구,부산시남구,26,부산광역시,26290,남구,부산광역시 남구,area_sigungu,시도명과 시군구명을 함께 포함한 권장 매칭
부산광역시남,부산광역시남,26,부산광역시,26290,남구,부산광역시 남구,area_sigungu,시도명과 시군구명을 함께 포함한 권장 매칭
부산광역시남구,부산광역시남구,26,부산광역시,26290,남구,부산광역시 남구,area_sigungu,시도명과 시군구명을 함께 포함한 권장 매칭
북,북,26,부산광역시,26320,북구,부산광역시 북구,sigungu_only,시군구명 단독 매칭은 중복 지명이 있을 수 있어 필요하면 시도명을 추가로 확인
북구,북구,26,부산광역시,26320,북구,부산광역시 북구,sigungu_only,시군구명 단독 매칭은 중복 지명이 있을 수 있어 필요하면 시도명을 추가로 확인
부산북,부산북,26,부산광역시,26320,북구,부산광역시 북구,area_sigungu,시도명과 시군구명을 함께 포함한 권장 매칭
부산북구,부산북구,26,부산광역시,26320,북구,부산광역시 북구,area_sigungu,시도명과 시군구명을 함께 포함한 권장 매칭
부산시북,부산시북,26,부산광역시,26320,북구,부산광역시 북구,area_sigungu,시도명과 시군구명을 함께 포함한 권장 매칭
부산시북구,부산시북구,26,부산광역시,26320,북구,부산광역시 북구,area_sigungu,시도명과 시군구명을 함께 포함한 권장 매칭
부산광역시북,부산광역시북,26,부산광역시,26320,북구,부산광역시 북구,area_sigungu,시도명과 시군구명을 함께 포함한 권장 매칭
부산광역시북구,부산광역시북구,26,부산광역시,26320,북구,부산광역시 북구,area_sigungu,시도명과 시군구명을 함께 포함한 권장 매칭
해운대,해운대,26,부산광역시,26350,해운대구,부산광역시 해운대구,sigungu_only,시군구명 단독 매칭은 중복 지명이 있을 수 있어 필요하면 시도명을 추가로 확인
해운대구,해운대구,26,부산광역시,26350,해운대구,부산광역시 해운대구,sigungu_only,시군구명 단독 매칭은 중복 지명이 있을 수 있어 필요하면 시도명을 추가로 확인
부산해운대,부산해운대,26,부산광역시,26350,해운대구,부산광역시 해운대구,area_sigungu,시도명과 시군구명을 함께 포함한 권장 매칭
부산시해운대,부산시해운대,26,부산광역시,26350,해운대구,부산광역시 해운대구,area_sigungu,시도명과 시군구명을 함께 포함한 권장 매칭
부산해운대구,부산해운대구,26,부산광역시,26350,해운대구,부산광역시 해운대구,area_sigungu,시도명과 시군구명을 함께 포함한 권장 매칭
부산시해운대구,부산시해운대구,26,부산광역시,26350,해운대구,부산광역시 해운대구,area_sigungu,시도명과 시군구명을 함께 포함한 권장 매칭
부산광역시해운대,부산광역시해운대,26,부산광역시,26350,해운대구,부산광역시 해운대구,area_sigungu,시도명과 시군구명을 함께 포함한 권장 매칭
부산광역시해운대구,부산광역시해운대구,26,부산광역시,26350,해운대구,부산광역시 해운대구,area_sigungu,시도명과 시군구명을 함께 포함한 권장 매칭
사하,사하,26,부산광역시,26380,사하구,부산광역시 사하구,sigungu_only,시군구명 단독 매칭은 중복 지명이 있을 수 있어 필요하면 시도명을 추가로 확인
사하구,사하구,26,부산광역시,26380,사하구,부산광역시 사하구,sigungu_only,시군구명 단독 매칭은 중복 지명이 있을 수 있어 필요하면 시도명을 추가로 확인
부산사하,부산사하,26,부산광역시,26380,사하구,부산광역시 사하구,area_sigungu,시도명과 시군구명을 함께 포함한 권장 매칭
부산사하구,부산사하구,26,부산광역시,26380,사하구,부산광역시 사하구,area_sigungu,시도명과 시군구명을 함께 포함한 권장 매칭
부산시사하,부산시사하,26,부산광역시,26380,사하구,부산광역시 사하구,area_sigungu,시도명과 시군구명을 함께 포함한 권장 매칭
부산시사하구,부산시사하구,26,부산광역시,26380,사하구,부산광역시 사하구,area_sigungu,시도명과 시군구명을 함께 포함한 권장 매칭
부산광역시사하,부산광역시사하,26,부산광역시,26380,사하구,부산광역시 사하구,area_sigungu,시도명과 시군구명을 함께 포함한 권장 매칭
부산광역시사하구,부산광역시사하구,26,부산광역시,26380,사하구,부산광역시 사하구,area_sigungu,시도명과 시군구명을 함께 포함한 권장 매칭
금정,금정,26,부산광역시,26410,금정구,부산광역시 금정구,sigungu_only,시군구명 단독 매칭은 중복 지명이 있을 수 있어 필요하면 시도명을 추가로 확인
금정구,금정구,26,부산광역시,26410,금정구,부산광역시 금정구,sigungu_only,시군구명 단독 매칭은 중복 지명이 있을 수 있어 필요하면 시도명을 추가로 확인
부산금정,부산금정,26,부산광역시,26410,금정구,부산광역시 금정구,area_sigungu,시도명과 시군구명을 함께 포함한 권장 매칭
부산금정구,부산금정구,26,부산광역시,26410,금정구,부산광역시 금정구,area_sigungu,시도명과 시군구명을 함께 포함한 권장 매칭
부산시금정,부산시금정,26,부산광역시,26410,금정구,부산광역시 금정구,area_sigungu,시도명과 시군구명을 함께 포함한 권장 매칭
부산시금정구,부산시금정구,26,부산광역시,26410,금정구,부산광역시 금정구,area_sigungu,시도명과 시군구명을 함께 포함한 권장 매칭
부산광역시금정,부산광역시금정,26,부산광역시,26410,금정구,부산광역시 금정구,area_sigungu,시도명과 시군구명을 함께 포함한 권장 매칭
부산광역시금정구,부산광역시금정구,26,부산광역시,26410,금정구,부산광역시 금정구,area_sigungu,시도명과 시군구명을 함께 포함한 권장 매칭
강서,강서,26,부산광역시,26440,강서구,부산광역시 강서구,sigungu_only,시군구명 단독 매칭은 중복 지명이 있을 수 있어 필요하면 시도명을 추가로 확인
강서구,강서구,26,부산광역시,26440,강서구,부산광역시 강서구,sigungu_only,시군구명 단독 매칭은 중복 지명이 있을 수 있어 필요하면 시도명을 추가로 확인
부산강서,부산강서,26,부산광역시,26440,강서구,부산광역시 강서구,area_sigungu,시도명과 시군구명을 함께 포함한 권장 매칭
부산강서구,부산강서구,26,부산광역시,26440,강서구,부산광역시 강서구,area_sigungu,시도명과 시군구명을 함께 포함한 권장 매칭
부산시강서,부산시강서,26,부산광역시,26440,강서구,부산광역시 강서구,area_sigungu,시도명과 시군구명을 함께 포함한 권장 매칭
부산시강서구,부산시강서구,26,부산광역시,26440,강서구,부산광역시 강서구,area_sigungu,시도명과 시군구명을 함께 포함한 권장 매칭
부산광역시강서,부산광역시강서,26,부산광역시,26440,강서구,부산광역시 강서구,area_sigungu,시도명과 시군구명을 함께 포함한 권장 매칭
부산광역시강서구,부산광역시강서구,26,부산광역시,26440,강서구,부산광역시 강서구,area_sigungu,시도명과 시군구명을 함께 포함한 권장 매칭
연제,연제,26,부산광역시,26470,연제구,부산광역시 연제구,sigungu_only,시군구명 단독 매칭은 중복 지명이 있을 수 있어 필요하면 시도명을 추가로 확인
연제구,연제구,26,부산광역시,26470,연제구,부산광역시 연제구,sigungu_only,시군구명 단독 매칭은 중복 지명이 있을 수 있어 필요하면 시도명을 추가로 확인
부산연제,부산연제,26,부산광역시,26470,연제구,부산광역시 연제구,area_sigungu,시도명과 시군구명을 함께 포함한 권장 매칭
부산시연제,부산시연제,26,부산광역시,26470,연제구,부산광역시 연제구,area_sigungu,시도명과 시군구명을 함께 포함한 권장 매칭
부산연제구,부산연제구,26,부산광역시,26470,연제구,부산광역시 연제구,area_sigungu,시도명과 시군구명을 함께 포함한 권장 매칭
부산시연제구,부산시연제구,26,부산광역시,26470,연제구,부산광역시 연제구,area_sigungu,시도명과 시군구명을 함께 포함한 권장 매칭
부산광역시연제,부산광역시연제,26,부산광역시,26470,연제구,부산광역시 연제구,area_sigungu,시도명과 시군구명을 함께 포함한 권장 매칭
부산광역시연제구,부산광역시연제구,26,부산광역시,26470,연제구,부산광역시 연제구,area_sigungu,시도명과 시군구명을 함께 포함한 권장 매칭
수영,수영,26,부산광역시,26500,수영구,부산광역시 수영구,sigungu_only,시군구명 단독 매칭은 중복 지명이 있을 수 있어 필요하면 시도명을 추가로 확인
수영구,수영구,26,부산광역시,26500,수영구,부산광역시 수영구,sigungu_only,시군구명 단독 매칭은 중복 지명이 있을 수 있어 필요하면 시도명을 추가로 확인
부산수영,부산수영,26,부산광역시,26500,수영구,부산광역시 수영구,area_sigungu,시도명과 시군구명을 함께 포함한 권장 매칭
부산수영구,부산수영구,26,부산광역시,26500,수영구,부산광역시 수영구,area_sigungu,시도명과 시군구명을 함께 포함한 권장 매칭
부산시수영,부산시수영,26,부산광역시,26500,수영구,부산광역시 수영구,area_sigungu,시도명과 시군구명을 함께 포함한 권장 매칭
부산시수영구,부산시수영구,26,부산광역시,26500,수영구,부산광역시 수영구,area_sigungu,시도명과 시군구명을 함께 포함한 권장 매칭
부산광역시수영,부산광역시수영,26,부산광역시,26500,수영구,부산광역시 수영구,area_sigungu,시도명과 시군구명을 함께 포함한 권장 매칭
부산광역시수영구,부산광역시수영구,26,부산광역시,26500,수영구,부산광역시 수영구,area_sigungu,시도명과 시군구명을 함께 포함한 권장 매칭
사상,사상,26,부산광역시,26530,사상구,부산광역시 사상구,sigungu_only,시군구명 단독 매칭은 중복 지명이 있을 수 있어 필요하면 시도명을 추가로 확인
사상구,사상구,26,부산광역시,26530,사상구,부산광역시 사상구,sigungu_only,시군구명 단독 매칭은 중복 지명이 있을 수 있어 필요하면 시도명을 추가로 확인
부산사상,부산사상,26,부산광역시,26530,사상구,부산광역시 사상구,area_sigungu,시도명과 시군구명을 함께 포함한 권장 매칭
부산사상구,부산사상구,26,부산광역시,26530,사상구,부산광역시 사상구,area_sigungu,시도명과 시군구명을 함께 포함한 권장 매칭
부산시사상,부산시사상,26,부산광역시,26530,사상구,부산광역시 사상구,area_sigungu,시도명과 시군구명을 함께 포함한 권장 매칭
부산시사상구,부산시사상구,26,부산광역시,26530,사상구,부산광역시 사상구,area_sigungu,시도명과 시군구명을 함께 포함한 권장 매칭
부산광역시사상,부산광역시사상,26,부산광역시,26530,사상구,부산광역시 사상구,area_sigungu,시도명과 시군구명을 함께 포함한 권장 매칭
부산광역시사상구,부산광역시사상구,26,부산광역시,26530,사상구,부산광역시 사상구,area_sigungu,시도명과 시군구명을 함께 포함한 권장 매칭
기장,기장,26,부산광역시,26710,기장군,부산광역시 기장군,sigungu_only,시군구명 단독 매칭은 중복 지명이 있을 수 있어 필요하면 시도명을 추가로 확인
기장군,기장군,26,부산광역시,26710,기장군,부산광역시 기장군,sigungu_only,시군구명 단독 매칭은 중복 지명이 있을 수 있어 필요하면 시도명을 추가로 확인
부산기장,부산기장,26,부산광역시,26710,기장군,부산광역시 기장군,area_sigungu,시도명과 시군구명을 함께 포함한 권장 매칭
부산기장군,부산기장군,26,부산광역시,26710,기장군,부산광역시 기장군,area_sigungu,시도명과 시군구명을 함께 포함한 권장 매칭
부산시기장,부산시기장,26,부산광역시,26710,기장군,부산광역시 기장군,area_sigungu,시도명과 시군구명을 함께 포함한 권장 매칭
부산시기장군,부산시기장군,26,부산광역시,26710,기장군,부산광역시 기장군,area_sigungu,시도명과 시군구명을 함께 포함한 권장 매칭
부산광역시기장,부산광역시기장,26,부산광역시,26710,기장군,부산광역시 기장군,area_sigungu,시도명과 시군구명을 함께 포함한 권장 매칭
부산광역시기장군,부산광역시기장군,26,부산광역시,26710,기장군,부산광역시 기장군,area_sigungu,시도명과 시군구명을 함께 포함한 권장 매칭
중,중,27,대구광역시,27110,중구,대구광역시 중구,sigungu_only,시군구명 단독 매칭은 중복 지명이 있을 수 있어 필요하면 시도명을 추가로 확인
중구,중구,27,대구광역시,27110,중구,대구광역시 중구,sigungu_only,시군구명 단독 매칭은 중복 지명이 있을 수 있어 필요하면 시도명을 추가로 확인
대구중,대구중,27,대구광역시,27110,중구,대구광역시 중구,area_sigungu,시도명과 시군구명을 함께 포함한 권장 매칭
대구시중,대구시중,27,대구광역시,27110,중구,대구광역시 중구,area_sigungu,시도명과 시군구명을 함께 포함한 권장 매칭
대구중구,대구중구,27,대구광역시,27110,중구,대구광역시 중구,area_sigungu,시도명과 시군구명을 함께 포함한 권장 매칭
대구시중구,대구시중구,27,대구광역시,27110,중구,대구광역시 중구,area_sigungu,시도명과 시군구명을 함께 포함한 권장 매칭
대구광역시중,대구광역시중,27,대구광역시,27110,중구,대구광역시 중구,area_sigungu,시도명과 시군구명을 함께 포함한 권장 매칭
대구광역시중구,대구광역시중구,27,대구광역시,27110,중구,대구광역시 중구,area_sigungu,시도명과 시군구명을 함께 포함한 권장 매칭
동,동,27,대구광역시,27140,동구,대구광역시 동구,sigungu_only,시군구명 단독 매칭은 중복 지명이 있을 수 있어 필요하면 시도명을 추가로 확인
동구,동구,27,대구광역시,27140,동구,대구광역시 동구,sigungu_only,시군구명 단독 매칭은 중복 지명이 있을 수 있어 필요하면 시도명을 추가로 확인
대구동,대구동,27,대구광역시,27140,동구,대구광역시 동구,area_sigungu,시도명과 시군구명을 함께 포함한 권장 매칭
대구동구,대구동구,27,대구광역시,27140,동구,대구광역시 동구,area_sigungu,시도명과 시군구명을 함께 포함한 권장 매칭
대구시동,대구시동,27,대구광역시,27140,동구,대구광역시 동구,area_sigungu,시도명과 시군구명을 함께 포함한 권장 매칭
대구시동구,대구시동구,27,대구광역시,27140,동구,대구광역시 동구,area_sigungu,시도명과 시군구명을 함께 포함한 권장 매칭
대구광역시동,대구광역시동,27,대구광역시,27140,동구,대구광역시 동구,area_sigungu,시도명과 시군구명을 함께 포함한 권장 매칭
대구광역시동구,대구광역시동구,27,대구광역시,27140,동구,대구광역시 동구,area_sigungu,시도명과 시군구명을 함께 포함한 권장 매칭
서,서,27,대구광역시,27170,서구,대구광역시 서구,sigungu_only,시군구명 단독 매칭은 중복 지명이 있을 수 있어 필요하면 시도명을 추가로 확인
서구,서구,27,대구광역시,27170,서구,대구광역시 서구,sigungu_only,시군구명 단독 매칭은 중복 지명이 있을 수 있어 필요하면 시도명을 추가로 확인
대구서,대구서,27,대구광역시,27170,서구,대구광역시 서구,area_sigungu,시도명과 시군구명을 함께 포함한 권장 매칭
대구서구,대구서구,27,대구광역시,27170,서구,대구광역시 서구,area_sigungu,시도명과 시군구명을 함께 포함한 권장 매칭
대구시서,대구시서,27,대구광역시,27170,서구,대구광역시 서구,area_sigungu,시도명과 시군구명을 함께 포함한 권장 매칭
대구시서구,대구시서구,27,대구광역시,27170,서구,대구광역시 서구,area_sigungu,시도명과 시군구명을 함께 포함한 권장 매칭
대구광역시서,대구광역시서,27,대구광역시,27170,서구,대구광역시 서구,area_sigungu,시도명과 시군구명을 함께 포함한 권장 매칭
대구광역시서구,대구광역시서구,27,대구광역시,27170,서구,대구광역시 서구,area_sigungu,시도명과 시군구명을 함께 포함한 권장 매칭
남,남,27,대구광역시,27200,남구,대구광역시 남구,sigungu_only,시군구명 단독 매칭은 중복 지명이 있을 수 있어 필요하면 시도명을 추가로 확인
남구,남구,27,대구광역시,27200,남구,대구광역시 남구,sigungu_only,시군구명 단독 매칭은 중복 지명이 있을 수 있어 필요하면 시도명을 추가로 확인
대구남,대구남,27,대구광역시,27200,남구,대구광역시 남구,area_sigungu,시도명과 시군구명을 함께 포함한 권장 매칭
대구남구,대구남구,27,대구광역시,27200,남구,대구광역시 남구,area_sigungu,시도명과 시군구명을 함께 포함한 권장 매칭
대구시남,대구시남,27,대구광역시,27200,남구,대구광역시 남구,area_sigungu,시도명과 시군구명을 함께 포함한 권장 매칭
대구시남구,대구시남구,27,대구광역시,27200,남구,대구광역시 남구,area_sigungu,시도명과 시군구명을 함께 포함한 권장 매칭
대구광역시남,대구광역시남,27,대구광역시,27200,남구,대구광역시 남구,area_sigungu,시도명과 시군구명을 함께 포함한 권장 매칭
대구광역시남구,대구광역시남구,27,대구광역시,27200,남구,대구광역시 남구,area_sigungu,시도명과 시군구명을 함께 포함한 권장 매칭
북,북,27,대구광역시,27230,북구,대구광역시 북구,sigungu_only,시군구명 단독 매칭은 중복 지명이 있을 수 있어 필요하면 시도명을 추가로 확인
북구,북구,27,대구광역시,27230,북구,대구광역시 북구,sigungu_only,시군구명 단독 매칭은 중복 지명이 있을 수 있어 필요하면 시도명을 추가로 확인
대구북,대구북,27,대구광역시,27230,북구,대구광역시 북구,area_sigungu,시도명과 시군구명을 함께 포함한 권장 매칭
대구북구,대구북구,27,대구광역시,27230,북구,대구광역시 북구,area_sigungu,시도명과 시군구명을 함께 포함한 권장 매칭
대구시북,대구시북,27,대구광역시,27230,북구,대구광역시 북구,area_sigungu,시도명과 시군구명을 함께 포함한 권장 매칭
대구시북구,대구시북구,27,대구광역시,27230,북구,대구광역시 북구,area_sigungu,시도명과 시군구명을 함께 포함한 권장 매칭
대구광역시북,대구광역시북,27,대구광역시,27230,북구,대구광역시 북구,area_sigungu,시도명과 시군구명을 함께 포함한 권장 매칭
대구광역시북구,대구광역시북구,27,대구광역시,27230,북구,대구광역시 북구,area_sigungu,시도명과 시군구명을 함께 포함한 권장 매칭
수성,수성,27,대구광역시,27260,수성구,대구광역시 수성구,sigungu_only,시군구명 단독 매칭은 중복 지명이 있을 수 있어 필요하면 시도명을 추가로 확인
수성구,수성구,27,대구광역시,27260,수성구,대구광역시 수성구,sigungu_only,시군구명 단독 매칭은 중복 지명이 있을 수 있어 필요하면 시도명을 추가로 확인
대구수성,대구수성,27,대구광역시,27260,수성구,대구광역시 수성구,area_sigungu,시도명과 시군구명을 함께 포함한 권장 매칭
대구수성구,대구수성구,27,대구광역시,27260,수성구,대구광역시 수성구,area_sigungu,시도명과 시군구명을 함께 포함한 권장 매칭
대구시수성,대구시수성,27,대구광역시,27260,수성구,대구광역시 수성구,area_sigungu,시도명과 시군구명을 함께 포함한 권장 매칭
대구시수성구,대구시수성구,27,대구광역시,27260,수성구,대구광역시 수성구,area_sigungu,시도명과 시군구명을 함께 포함한 권장 매칭
대구광역시수성,대구광역시수성,27,대구광역시,27260,수성구,대구광역시 수성구,area_sigungu,시도명과 시군구명을 함께 포함한 권장 매칭
대구광역시수성구,대구광역시수성구,27,대구광역시,27260,수성구,대구광역시 수성구,area_sigungu,시도명과 시군구명을 함께 포함한 권장 매칭
달서,달서,27,대구광역시,27290,달서구,대구광역시 달서구,sigungu_only,시군구명 단독 매칭은 중복 지명이 있을 수 있어 필요하면 시도명을 추가로 확인
달서구,달서구,27,대구광역시,27290,달서구,대구광역시 달서구,sigungu_only,시군구명 단독 매칭은 중복 지명이 있을 수 있어 필요하면 시도명을 추가로 확인
대구달서,대구달서,27,대구광역시,27290,달서구,대구광역시 달서구,area_sigungu,시도명과 시군구명을 함께 포함한 권장 매칭
대구달서구,대구달서구,27,대구광역시,27290,달서구,대구광역시 달서구,area_sigungu,시도명과 시군구명을 함께 포함한 권장 매칭
대구시달서,대구시달서,27,대구광역시,27290,달서구,대구광역시 달서구,area_sigungu,시도명과 시군구명을 함께 포함한 권장 매칭
대구시달서구,대구시달서구,27,대구광역시,27290,달서구,대구광역시 달서구,area_sigungu,시도명과 시군구명을 함께 포함한 권장 매칭
대구광역시달서,대구광역시달서,27,대구광역시,27290,달서구,대구광역시 달서구,area_sigungu,시도명과 시군구명을 함께 포함한 권장 매칭
대구광역시달서구,대구광역시달서구,27,대구광역시,27290,달서구,대구광역시 달서구,area_sigungu,시도명과 시군구명을 함께 포함한 권장 매칭
달성,달성,27,대구광역시,27710,달성군,대구광역시 달성군,sigungu_only,시군구명 단독 매칭은 중복 지명이 있을 수 있어 필요하면 시도명을 추가로 확인
달성군,달성군,27,대구광역시,27710,달성군,대구광역시 달성군,sigungu_only,시군구명 단독 매칭은 중복 지명이 있을 수 있어 필요하면 시도명을 추가로 확인
대구달성,대구달성,27,대구광역시,27710,달성군,대구광역시 달성군,area_sigungu,시도명과 시군구명을 함께 포함한 권장 매칭
대구달성군,대구달성군,27,대구광역시,27710,달성군,대구광역시 달성군,area_sigungu,시도명과 시군구명을 함께 포함한 권장 매칭
대구시달성,대구시달성,27,대구광역시,27710,달성군,대구광역시 달성군,area_sigungu,시도명과 시군구명을 함께 포함한 권장 매칭
대구시달성군,대구시달성군,27,대구광역시,27710,달성군,대구광역시 달성군,area_sigungu,시도명과 시군구명을 함께 포함한 권장 매칭
대구광역시달성,대구광역시달성,27,대구광역시,27710,달성군,대구광역시 달성군,area_sigungu,시도명과 시군구명을 함께 포함한 권장 매칭
대구광역시달성군,대구광역시달성군,27,대구광역시,27710,달성군,대구광역시 달성군,area_sigungu,시도명과 시군구명을 함께 포함한 권장 매칭
군위,군위,27,대구광역시,27720,군위군,대구광역시 군위군,sigungu_only,시군구명 단독 매칭은 중복 지명이 있을 수 있어 필요하면 시도명을 추가로 확인
군위군,군위군,27,대구광역시,27720,군위군,대구광역시 군위군,sigungu_only,시군구명 단독 매칭은 중복 지명이 있을 수 있어 필요하면 시도명을 추가로 확인
대구군위,대구군위,27,대구광역시,27720,군위군,대구광역시 군위군,area_sigungu,시도명과 시군구명을 함께 포함한 권장 매칭
대구군위군,대구군위군,27,대구광역시,27720,군위군,대구광역시 군위군,area_sigungu,시도명과 시군구명을 함께 포함한 권장 매칭
대구시군위,대구시군위,27,대구광역시,27720,군위군,대구광역시 군위군,area_sigungu,시도명과 시군구명을 함께 포함한 권장 매칭
대구시군위군,대구시군위군,27,대구광역시,27720,군위군,대구광역시 군위군,area_sigungu,시도명과 시군구명을 함께 포함한 권장 매칭
대구광역시군위,대구광역시군위,27,대구광역시,27720,군위군,대구광역시 군위군,area_sigungu,시도명과 시군구명을 함께 포함한 권장 매칭
대구광역시군위군,대구광역시군위군,27,대구광역시,27720,군위군,대구광역시 군위군,area_sigungu,시도명과 시군구명을 함께 포함한 권장 매칭
중,중,28,인천광역시,28110,중구,인천광역시 중구,sigungu_only,시군구명 단독 매칭은 중복 지명이 있을 수 있어 필요하면 시도명을 추가로 확인
중구,중구,28,인천광역시,28110,중구,인천광역시 중구,sigungu_only,시군구명 단독 매칭은 중복 지명이 있을 수 있어 필요하면 시도명을 추가로 확인
인천중,인천중,28,인천광역시,28110,중구,인천광역시 중구,area_sigungu,시도명과 시군구명을 함께 포함한 권장 매칭
인천시중,인천시중,28,인천광역시,28110,중구,인천광역시 중구,area_sigungu,시도명과 시군구명을 함께 포함한 권장 매칭
인천중구,인천중구,28,인천광역시,28110,중구,인천광역시 중구,area_sigungu,시도명과 시군구명을 함께 포함한 권장 매칭
인천시중구,인천시중구,28,인천광역시,28110,중구,인천광역시 중구,area_sigungu,시도명과 시군구명을 함께 포함한 권장 매칭
인천광역시중,인천광역시중,28,인천광역시,28110,중구,인천광역시 중구,area_sigungu,시도명과 시군구명을 함께 포함한 권장 매칭
인천광역시중구,인천광역시중구,28,인천광역시,28110,중구,인천광역시 중구,area_sigungu,시도명과 시군구명을 함께 포함한 권장 매칭
동,동,28,인천광역시,28140,동구,인천광역시 동구,sigungu_only,시군구명 단독 매칭은 중복 지명이 있을 수 있어 필요하면 시도명을 추가로 확인
동구,동구,28,인천광역시,28140,동구,인천광역시 동구,sigungu_only,시군구명 단독 매칭은 중복 지명이 있을 수 있어 필요하면 시도명을 추가로 확인
인천동,인천동,28,인천광역시,28140,동구,인천광역시 동구,area_sigungu,시도명과 시군구명을 함께 포함한 권장 매칭
인천동구,인천동구,28,인천광역시,28140,동구,인천광역시 동구,area_sigungu,시도명과 시군구명을 함께 포함한 권장 매칭
인천시동,인천시동,28,인천광역시,28140,동구,인천광역시 동구,area_sigungu,시도명과 시군구명을 함께 포함한 권장 매칭
인천시동구,인천시동구,28,인천광역시,28140,동구,인천광역시 동구,area_sigungu,시도명과 시군구명을 함께 포함한 권장 매칭
인천광역시동,인천광역시동,28,인천광역시,28140,동구,인천광역시 동구,area_sigungu,시도명과 시군구명을 함께 포함한 권장 매칭
인천광역시동구,인천광역시동구,28,인천광역시,28140,동구,인천광역시 동구,area_sigungu,시도명과 시군구명을 함께 포함한 권장 매칭
미추홀,미추홀,28,인천광역시,28177,미추홀구,인천광역시 미추홀구,sigungu_only,시군구명 단독 매칭은 중복 지명이 있을 수 있어 필요하면 시도명을 추가로 확인
미추홀구,미추홀구,28,인천광역시,28177,미추홀구,인천광역시 미추홀구,sigungu_only,시군구명 단독 매칭은 중복 지명이 있을 수 있어 필요하면 시도명을 추가로 확인
인천미추홀,인천미추홀,28,인천광역시,28177,미추홀구,인천광역시 미추홀구,area_sigungu,시도명과 시군구명을 함께 포함한 권장 매칭
인천미추홀구,인천미추홀구,28,인천광역시,28177,미추홀구,인천광역시 미추홀구,area_sigungu,시도명과 시군구명을 함께 포함한 권장 매칭
인천시미추홀,인천시미추홀,28,인천광역시,28177,미추홀구,인천광역시 미추홀구,area_sigungu,시도명과 시군구명을 함께 포함한 권장 매칭
인천시미추홀구,인천시미추홀구,28,인천광역시,28177,미추홀구,인천광역시 미추홀구,area_sigungu,시도명과 시군구명을 함께 포함한 권장 매칭
인천광역시미추홀,인천광역시미추홀,28,인천광역시,28177,미추홀구,인천광역시 미추홀구,area_sigungu,시도명과 시군구명을 함께 포함한 권장 매칭
인천광역시미추홀구,인천광역시미추홀구,28,인천광역시,28177,미추홀구,인천광역시 미추홀구,area_sigungu,시도명과 시군구명을 함께 포함한 권장 매칭
연수,연수,28,인천광역시,28185,연수구,인천광역시 연수구,sigungu_only,시군구명 단독 매칭은 중복 지명이 있을 수 있어 필요하면 시도명을 추가로 확인
연수구,연수구,28,인천광역시,28185,연수구,인천광역시 연수구,sigungu_only,시군구명 단독 매칭은 중복 지명이 있을 수 있어 필요하면 시도명을 추가로 확인
인천연수,인천연수,28,인천광역시,28185,연수구,인천광역시 연수구,area_sigungu,시도명과 시군구명을 함께 포함한 권장 매칭
인천시연수,인천시연수,28,인천광역시,28185,연수구,인천광역시 연수구,area_sigungu,시도명과 시군구명을 함께 포함한 권장 매칭
인천연수구,인천연수구,28,인천광역시,28185,연수구,인천광역시 연수구,area_sigungu,시도명과 시군구명을 함께 포함한 권장 매칭
인천시연수구,인천시연수구,28,인천광역시,28185,연수구,인천광역시 연수구,area_sigungu,시도명과 시군구명을 함께 포함한 권장 매칭
인천광역시연수,인천광역시연수,28,인천광역시,28185,연수구,인천광역시 연수구,area_sigungu,시도명과 시군구명을 함께 포함한 권장 매칭
인천광역시연수구,인천광역시연수구,28,인천광역시,28185,연수구,인천광역시 연수구,area_sigungu,시도명과 시군구명을 함께 포함한 권장 매칭
남동,남동,28,인천광역시,28200,남동구,인천광역시 남동구,sigungu_only,시군구명 단독 매칭은 중복 지명이 있을 수 있어 필요하면 시도명을 추가로 확인
남동구,남동구,28,인천광역시,28200,남동구,인천광역시 남동구,sigungu_only,시군구명 단독 매칭은 중복 지명이 있을 수 있어 필요하면 시도명을 추가로 확인
인천남동,인천남동,28,인천광역시,28200,남동구,인천광역시 남동구,area_sigungu,시도명과 시군구명을 함께 포함한 권장 매칭
인천남동구,인천남동구,28,인천광역시,28200,남동구,인천광역시 남동구,area_sigungu,시도명과 시군구명을 함께 포함한 권장 매칭
인천시남동,인천시남동,28,인천광역시,28200,남동구,인천광역시 남동구,area_sigungu,시도명과 시군구명을 함께 포함한 권장 매칭
인천시남동구,인천시남동구,28,인천광역시,28200,남동구,인천광역시 남동구,area_sigungu,시도명과 시군구명을 함께 포함한 권장 매칭
인천광역시남동,인천광역시남동,28,인천광역시,28200,남동구,인천광역시 남동구,area_sigungu,시도명과 시군구명을 함께 포함한 권장 매칭
인천광역시남동구,인천광역시남동구,28,인천광역시,28200,남동구,인천광역시 남동구,area_sigungu,시도명과 시군구명을 함께 포함한 권장 매칭
부평,부평,28,인천광역시,28237,부평구,인천광역시 부평구,sigungu_only,시군구명 단독 매칭은 중복 지명이 있을 수 있어 필요하면 시도명을 추가로 확인
부평구,부평구,28,인천광역시,28237,부평구,인천광역시 부평구,sigungu_only,시군구명 단독 매칭은 중복 지명이 있을 수 있어 필요하면 시도명을 추가로 확인
인천부평,인천부평,28,인천광역시,28237,부평구,인천광역시 부평구,area_sigungu,시도명과 시군구명을 함께 포함한 권장 매칭
인천부평구,인천부평구,28,인천광역시,28237,부평구,인천광역시 부평구,area_sigungu,시도명과 시군구명을 함께 포함한 권장 매칭
인천시부평,인천시부평,28,인천광역시,28237,부평구,인천광역시 부평구,area_sigungu,시도명과 시군구명을 함께 포함한 권장 매칭
인천시부평구,인천시부평구,28,인천광역시,28237,부평구,인천광역시 부평구,area_sigungu,시도명과 시군구명을 함께 포함한 권장 매칭
인천광역시부평,인천광역시부평,28,인천광역시,28237,부평구,인천광역시 부평구,area_sigungu,시도명과 시군구명을 함께 포함한 권장 매칭
인천광역시부평구,인천광역시부평구,28,인천광역시,28237,부평구,인천광역시 부평구,area_sigungu,시도명과 시군구명을 함께 포함한 권장 매칭
계양,계양,28,인천광역시,28245,계양구,인천광역시 계양구,sigungu_only,시군구명 단독 매칭은 중복 지명이 있을 수 있어 필요하면 시도명을 추가로 확인
계양구,계양구,28,인천광역시,28245,계양구,인천광역시 계양구,sigungu_only,시군구명 단독 매칭은 중복 지명이 있을 수 있어 필요하면 시도명을 추가로 확인
인천계양,인천계양,28,인천광역시,28245,계양구,인천광역시 계양구,area_sigungu,시도명과 시군구명을 함께 포함한 권장 매칭
인천계양구,인천계양구,28,인천광역시,28245,계양구,인천광역시 계양구,area_sigungu,시도명과 시군구명을 함께 포함한 권장 매칭
인천시계양,인천시계양,28,인천광역시,28245,계양구,인천광역시 계양구,area_sigungu,시도명과 시군구명을 함께 포함한 권장 매칭
인천시계양구,인천시계양구,28,인천광역시,28245,계양구,인천광역시 계양구,area_sigungu,시도명과 시군구명을 함께 포함한 권장 매칭
인천광역시계양,인천광역시계양,28,인천광역시,28245,계양구,인천광역시 계양구,area_sigungu,시도명과 시군구명을 함께 포함한 권장 매칭
인천광역시계양구,인천광역시계양구,28,인천광역시,28245,계양구,인천광역시 계양구,area_sigungu,시도명과 시군구명을 함께 포함한 권장 매칭
서,서,28,인천광역시,28260,서구,인천광역시 서구,sigungu_only,시군구명 단독 매칭은 중복 지명이 있을 수 있어 필요하면 시도명을 추가로 확인
서구,서구,28,인천광역시,28260,서구,인천광역시 서구,sigungu_only,시군구명 단독 매칭은 중복 지명이 있을 수 있어 필요하면 시도명을 추가로 확인
인천서,인천서,28,인천광역시,28260,서구,인천광역시 서구,area_sigungu,시도명과 시군구명을 함께 포함한 권장 매칭
인천서구,인천서구,28,인천광역시,28260,서구,인천광역시 서구,area_sigungu,시도명과 시군구명을 함께 포함한 권장 매칭
인천시서,인천시서,28,인천광역시,28260,서구,인천광역시 서구,area_sigungu,시도명과 시군구명을 함께 포함한 권장 매칭
인천시서구,인천시서구,28,인천광역시,28260,서구,인천광역시 서구,area_sigungu,시도명과 시군구명을 함께 포함한 권장 매칭
인천광역시서,인천광역시서,28,인천광역시,28260,서구,인천광역시 서구,area_sigungu,시도명과 시군구명을 함께 포함한 권장 매칭
인천광역시서구,인천광역시서구,28,인천광역시,28260,서구,인천광역시 서구,area_sigungu,시도명과 시군구명을 함께 포함한 권장 매칭
강화,강화,28,인천광역시,28710,강화군,인천광역시 강화군,sigungu_only,시군구명 단독 매칭은 중복 지명이 있을 수 있어 필요하면 시도명을 추가로 확인
강화군,강화군,28,인천광역시,28710,강화군,인천광역시 강화군,sigungu_only,시군구명 단독 매칭은 중복 지명이 있을 수 있어 필요하면 시도명을 추가로 확인
인천강화,인천강화,28,인천광역시,28710,강화군,인천광역시 강화군,area_sigungu,시도명과 시군구명을 함께 포함한 권장 매칭
인천강화군,인천강화군,28,인천광역시,28710,강화군,인천광역시 강화군,area_sigungu,시도명과 시군구명을 함께 포함한 권장 매칭
인천시강화,인천시강화,28,인천광역시,28710,강화군,인천광역시 강화군,area_sigungu,시도명과 시군구명을 함께 포함한 권장 매칭
인천시강화군,인천시강화군,28,인천광역시,28710,강화군,인천광역시 강화군,area_sigungu,시도명과 시군구명을 함께 포함한 권장 매칭
인천광역시강화,인천광역시강화,28,인천광역시,28710,강화군,인천광역시 강화군,area_sigungu,시도명과 시군구명을 함께 포함한 권장 매칭
인천광역시강화군,인천광역시강화군,28,인천광역시,28710,강화군,인천광역시 강화군,area_sigungu,시도명과 시군구명을 함께 포함한 권장 매칭
옹진,옹진,28,인천광역시,28720,옹진군,인천광역시 옹진군,sigungu_only,시군구명 단독 매칭은 중복 지명이 있을 수 있어 필요하면 시도명을 추가로 확인
옹진군,옹진군,28,인천광역시,28720,옹진군,인천광역시 옹진군,sigungu_only,시군구명 단독 매칭은 중복 지명이 있을 수 있어 필요하면 시도명을 추가로 확인
인천옹진,인천옹진,28,인천광역시,28720,옹진군,인천광역시 옹진군,area_sigungu,시도명과 시군구명을 함께 포함한 권장 매칭
인천시옹진,인천시옹진,28,인천광역시,28720,옹진군,인천광역시 옹진군,area_sigungu,시도명과 시군구명을 함께 포함한 권장 매칭
인천옹진군,인천옹진군,28,인천광역시,28720,옹진군,인천광역시 옹진군,area_sigungu,시도명과 시군구명을 함께 포함한 권장 매칭
인천시옹진군,인천시옹진군,28,인천광역시,28720,옹진군,인천광역시 옹진군,area_sigungu,시도명과 시군구명을 함께 포함한 권장 매칭
인천광역시옹진,인천광역시옹진,28,인천광역시,28720,옹진군,인천광역시 옹진군,area_sigungu,시도명과 시군구명을 함께 포함한 권장 매칭
인천광역시옹진군,인천광역시옹진군,28,인천광역시,28720,옹진군,인천광역시 옹진군,area_sigungu,시도명과 시군구명을 함께 포함한 권장 매칭
동,동,29,광주광역시,29110,동구,광주광역시 동구,sigungu_only,시군구명 단독 매칭은 중복 지명이 있을 수 있어 필요하면 시도명을 추가로 확인
동구,동구,29,광주광역시,29110,동구,광주광역시 동구,sigungu_only,시군구명 단독 매칭은 중복 지명이 있을 수 있어 필요하면 시도명을 추가로 확인
광주동,광주동,29,광주광역시,29110,동구,광주광역시 동구,area_sigungu,시도명과 시군구명을 함께 포함한 권장 매칭
광주동구,광주동구,29,광주광역시,29110,동구,광주광역시 동구,area_sigungu,시도명과 시군구명을 함께 포함한 권장 매칭
광주시동,광주시동,29,광주광역시,29110,동구,광주광역시 동구,area_sigungu,시도명과 시군구명을 함께 포함한 권장 매칭
광주시동구,광주시동구,29,광주광역시,29110,동구,광주광역시 동구,area_sigungu,시도명과 시군구명을 함께 포함한 권장 매칭
광주광역시동,광주광역시동,29,광주광역시,29110,동구,광주광역시 동구,area_sigungu,시도명과 시군구명을 함께 포함한 권장 매칭
광주광역시동구,광주광역시동구,29,광주광역시,29110,동구,광주광역시 동구,area_sigungu,시도명과 시군구명을 함께 포함한 권장 매칭
서,서,29,광주광역시,29140,서구,광주광역시 서구,sigungu_only,시군구명 단독 매칭은 중복 지명이 있을 수 있어 필요하면 시도명을 추가로 확인
서구,서구,29,광주광역시,29140,서구,광주광역시 서구,sigungu_only,시군구명 단독 매칭은 중복 지명이 있을 수 있어 필요하면 시도명을 추가로 확인
광주서,광주서,29,광주광역시,29140,서구,광주광역시 서구,area_sigungu,시도명과 시군구명을 함께 포함한 권장 매칭
광주서구,광주서구,29,광주광역시,29140,서구,광주광역시 서구,area_sigungu,시도명과 시군구명을 함께 포함한 권장 매칭
광주시서,광주시서,29,광주광역시,29140,서구,광주광역시 서구,area_sigungu,시도명과 시군구명을 함께 포함한 권장 매칭
광주시서구,광주시서구,29,광주광역시,29140,서구,광주광역시 서구,area_sigungu,시도명과 시군구명을 함께 포함한 권장 매칭
광주광역시서,광주광역시서,29,광주광역시,29140,서구,광주광역시 서구,area_sigungu,시도명과 시군구명을 함께 포함한 권장 매칭
광주광역시서구,광주광역시서구,29,광주광역시,29140,서구,광주광역시 서구,area_sigungu,시도명과 시군구명을 함께 포함한 권장 매칭
남,남,29,광주광역시,29155,남구,광주광역시 남구,sigungu_only,시군구명 단독 매칭은 중복 지명이 있을 수 있어 필요하면 시도명을 추가로 확인
남구,남구,29,광주광역시,29155,남구,광주광역시 남구,sigungu_only,시군구명 단독 매칭은 중복 지명이 있을 수 있어 필요하면 시도명을 추가로 확인
광주남,광주남,29,광주광역시,29155,남구,광주광역시 남구,area_sigungu,시도명과 시군구명을 함께 포함한 권장 매칭
광주남구,광주남구,29,광주광역시,29155,남구,광주광역시 남구,area_sigungu,시도명과 시군구명을 함께 포함한 권장 매칭
광주시남,광주시남,29,광주광역시,29155,남구,광주광역시 남구,area_sigungu,시도명과 시군구명을 함께 포함한 권장 매칭
광주시남구,광주시남구,29,광주광역시,29155,남구,광주광역시 남구,area_sigungu,시도명과 시군구명을 함께 포함한 권장 매칭
광주광역시남,광주광역시남,29,광주광역시,29155,남구,광주광역시 남구,area_sigungu,시도명과 시군구명을 함께 포함한 권장 매칭
광주광역시남구,광주광역시남구,29,광주광역시,29155,남구,광주광역시 남구,area_sigungu,시도명과 시군구명을 함께 포함한 권장 매칭
북,북,29,광주광역시,29170,북구,광주광역시 북구,sigungu_only,시군구명 단독 매칭은 중복 지명이 있을 수 있어 필요하면 시도명을 추가로 확인
북구,북구,29,광주광역시,29170,북구,광주광역시 북구,sigungu_only,시군구명 단독 매칭은 중복 지명이 있을 수 있어 필요하면 시도명을 추가로 확인
광주북,광주북,29,광주광역시,29170,북구,광주광역시 북구,area_sigungu,시도명과 시군구명을 함께 포함한 권장 매칭
광주북구,광주북구,29,광주광역시,29170,북구,광주광역시 북구,area_sigungu,시도명과 시군구명을 함께 포함한 권장 매칭
광주시북,광주시북,29,광주광역시,29170,북구,광주광역시 북구,area_sigungu,시도명과 시군구명을 함께 포함한 권장 매칭
광주시북구,광주시북구,29,광주광역시,29170,북구,광주광역시 북구,area_sigungu,시도명과 시군구명을 함께 포함한 권장 매칭
광주광역시북,광주광역시북,29,광주광역시,29170,북구,광주광역시 북구,area_sigungu,시도명과 시군구명을 함께 포함한 권장 매칭
광주광역시북구,광주광역시북구,29,광주광역시,29170,북구,광주광역시 북구,area_sigungu,시도명과 시군구명을 함께 포함한 권장 매칭
광산,광산,29,광주광역시,29200,광산구,광주광역시 광산구,sigungu_only,시군구명 단독 매칭은 중복 지명이 있을 수 있어 필요하면 시도명을 추가로 확인
광산구,광산구,29,광주광역시,29200,광산구,광주광역시 광산구,sigungu_only,시군구명 단독 매칭은 중복 지명이 있을 수 있어 필요하면 시도명을 추가로 확인
광주광산,광주광산,29,광주광역시,29200,광산구,광주광역시 광산구,area_sigungu,시도명과 시군구명을 함께 포함한 권장 매칭
광주광산구,광주광산구,29,광주광역시,29200,광산구,광주광역시 광산구,area_sigungu,시도명과 시군구명을 함께 포함한 권장 매칭
광주시광산,광주시광산,29,광주광역시,29200,광산구,광주광역시 광산구,area_sigungu,시도명과 시군구명을 함께 포함한 권장 매칭
광주시광산구,광주시광산구,29,광주광역시,29200,광산구,광주광역시 광산구,area_sigungu,시도명과 시군구명을 함께 포함한 권장 매칭
광주광역시광산,광주광역시광산,29,광주광역시,29200,광산구,광주광역시 광산구,area_sigungu,시도명과 시군구명을 함께 포함한 권장 매칭
광주광역시광산구,광주광역시광산구,29,광주광역시,29200,광산구,광주광역시 광산구,area_sigungu,시도명과 시군구명을 함께 포함한 권장 매칭
동,동,30,대전광역시,30110,동구,대전광역시 동구,sigungu_only,시군구명 단독 매칭은 중복 지명이 있을 수 있어 필요하면 시도명을 추가로 확인
동구,동구,30,대전광역시,30110,동구,대전광역시 동구,sigungu_only,시군구명 단독 매칭은 중복 지명이 있을 수 있어 필요하면 시도명을 추가로 확인
대전동,대전동,30,대전광역시,30110,동구,대전광역시 동구,area_sigungu,시도명과 시군구명을 함께 포함한 권장 매칭
대전동구,대전동구,30,대전광역시,30110,동구,대전광역시 동구,area_sigungu,시도명과 시군구명을 함께 포함한 권장 매칭
대전시동,대전시동,30,대전광역시,30110,동구,대전광역시 동구,area_sigungu,시도명과 시군구명을 함께 포함한 권장 매칭
대전시동구,대전시동구,30,대전광역시,30110,동구,대전광역시 동구,area_sigungu,시도명과 시군구명을 함께 포함한 권장 매칭
대전광역시동,대전광역시동,30,대전광역시,30110,동구,대전광역시 동구,area_sigungu,시도명과 시군구명을 함께 포함한 권장 매칭
대전광역시동구,대전광역시동구,30,대전광역시,30110,동구,대전광역시 동구,area_sigungu,시도명과 시군구명을 함께 포함한 권장 매칭
중,중,30,대전광역시,30140,중구,대전광역시 중구,sigungu_only,시군구명 단독 매칭은 중복 지명이 있을 수 있어 필요하면 시도명을 추가로 확인
중구,중구,30,대전광역시,30140,중구,대전광역시 중구,sigungu_only,시군구명 단독 매칭은 중복 지명이 있을 수 있어 필요하면 시도명을 추가로 확인
대전중,대전중,30,대전광역시,30140,중구,대전광역시 중구,area_sigungu,시도명과 시군구명을 함께 포함한 권장 매칭
대전시중,대전시중,30,대전광역시,30140,중구,대전광역시 중구,area_sigungu,시도명과 시군구명을 함께 포함한 권장 매칭
대전중구,대전중구,30,대전광역시,30140,중구,대전광역시 중구,area_sigungu,시도명과 시군구명을 함께 포함한 권장 매칭
대전시중구,대전시중구,30,대전광역시,30140,중구,대전광역시 중구,area_sigungu,시도명과 시군구명을 함께 포함한 권장 매칭
대전광역시중,대전광역시중,30,대전광역시,30140,중구,대전광역시 중구,area_sigungu,시도명과 시군구명을 함께 포함한 권장 매칭
대전광역시중구,대전광역시중구,30,대전광역시,30140,중구,대전광역시 중구,area_sigungu,시도명과 시군구명을 함께 포함한 권장 매칭
서,서,30,대전광역시,30170,서구,대전광역시 서구,sigungu_only,시군구명 단독 매칭은 중복 지명이 있을 수 있어 필요하면 시도명을 추가로 확인
서구,서구,30,대전광역시,30170,서구,대전광역시 서구,sigungu_only,시군구명 단독 매칭은 중복 지명이 있을 수 있어 필요하면 시도명을 추가로 확인
대전서,대전서,30,대전광역시,30170,서구,대전광역시 서구,area_sigungu,시도명과 시군구명을 함께 포함한 권장 매칭
대전서구,대전서구,30,대전광역시,30170,서구,대전광역시 서구,area_sigungu,시도명과 시군구명을 함께 포함한 권장 매칭
대전시서,대전시서,30,대전광역시,30170,서구,대전광역시 서구,area_sigungu,시도명과 시군구명을 함께 포함한 권장 매칭
대전시서구,대전시서구,30,대전광역시,30170,서구,대전광역시 서구,area_sigungu,시도명과 시군구명을 함께 포함한 권장 매칭
대전광역시서,대전광역시서,30,대전광역시,30170,서구,대전광역시 서구,area_sigungu,시도명과 시군구명을 함께 포함한 권장 매칭
대전광역시서구,대전광역시서구,30,대전광역시,30170,서구,대전광역시 서구,area_sigungu,시도명과 시군구명을 함께 포함한 권장 매칭
유성,유성,30,대전광역시,30200,유성구,대전광역시 유성구,sigungu_only,시군구명 단독 매칭은 중복 지명이 있을 수 있어 필요하면 시도명을 추가로 확인
유성구,유성구,30,대전광역시,30200,유성구,대전광역시 유성구,sigungu_only,시군구명 단독 매칭은 중복 지명이 있을 수 있어 필요하면 시도명을 추가로 확인
대전유성,대전유성,30,대전광역시,30200,유성구,대전광역시 유성구,area_sigungu,시도명과 시군구명을 함께 포함한 권장 매칭
대전시유성,대전시유성,30,대전광역시,30200,유성구,대전광역시 유성구,area_sigungu,시도명과 시군구명을 함께 포함한 권장 매칭
대전유성구,대전유성구,30,대전광역시,30200,유성구,대전광역시 유성구,area_sigungu,시도명과 시군구명을 함께 포함한 권장 매칭
대전시유성구,대전시유성구,30,대전광역시,30200,유성구,대전광역시 유성구,area_sigungu,시도명과 시군구명을 함께 포함한 권장 매칭
대전광역시유성,대전광역시유성,30,대전광역시,30200,유성구,대전광역시 유성구,area_sigungu,시도명과 시군구명을 함께 포함한 권장 매칭
대전광역시유성구,대전광역시유성구,30,대전광역시,30200,유성구,대전광역시 유성구,area_sigungu,시도명과 시군구명을 함께 포함한 권장 매칭
대덕,대덕,30,대전광역시,30230,대덕구,대전광역시 대덕구,sigungu_only,시군구명 단독 매칭은 중복 지명이 있을 수 있어 필요하면 시도명을 추가로 확인
대덕구,대덕구,30,대전광역시,30230,대덕구,대전광역시 대덕구,sigungu_only,시군구명 단독 매칭은 중복 지명이 있을 수 있어 필요하면 시도명을 추가로 확인
대전대덕,대전대덕,30,대전광역시,30230,대덕구,대전광역시 대덕구,area_sigungu,시도명과 시군구명을 함께 포함한 권장 매칭
대전대덕구,대전대덕구,30,대전광역시,30230,대덕구,대전광역시 대덕구,area_sigungu,시도명과 시군구명을 함께 포함한 권장 매칭
대전시대덕,대전시대덕,30,대전광역시,30230,대덕구,대전광역시 대덕구,area_sigungu,시도명과 시군구명을 함께 포함한 권장 매칭
대전시대덕구,대전시대덕구,30,대전광역시,30230,대덕구,대전광역시 대덕구,area_sigungu,시도명과 시군구명을 함께 포함한 권장 매칭
대전광역시대덕,대전광역시대덕,30,대전광역시,30230,대덕구,대전광역시 대덕구,area_sigungu,시도명과 시군구명을 함께 포함한 권장 매칭
대전광역시대덕구,대전광역시대덕구,30,대전광역시,30230,대덕구,대전광역시 대덕구,area_sigungu,시도명과 시군구명을 함께 포함한 권장 매칭
중,중,31,울산광역시,31110,중구,울산광역시 중구,sigungu_only,시군구명 단독 매칭은 중복 지명이 있을 수 있어 필요하면 시도명을 추가로 확인
중구,중구,31,울산광역시,31110,중구,울산광역시 중구,sigungu_only,시군구명 단독 매칭은 중복 지명이 있을 수 있어 필요하면 시도명을 추가로 확인
울산중,울산중,31,울산광역시,31110,중구,울산광역시 중구,area_sigungu,시도명과 시군구명을 함께 포함한 권장 매칭
울산시중,울산시중,31,울산광역시,31110,중구,울산광역시 중구,area_sigungu,시도명과 시군구명을 함께 포함한 권장 매칭
울산중구,울산중구,31,울산광역시,31110,중구,울산광역시 중구,area_sigungu,시도명과 시군구명을 함께 포함한 권장 매칭
울산시중구,울산시중구,31,울산광역시,31110,중구,울산광역시 중구,area_sigungu,시도명과 시군구명을 함께 포함한 권장 매칭
울산광역시중,울산광역시중,31,울산광역시,31110,중구,울산광역시 중구,area_sigungu,시도명과 시군구명을 함께 포함한 권장 매칭
울산광역시중구,울산광역시중구,31,울산광역시,31110,중구,울산광역시 중구,area_sigungu,시도명과 시군구명을 함께 포함한 권장 매칭
남,남,31,울산광역시,31140,남구,울산광역시 남구,sigungu_only,시군구명 단독 매칭은 중복 지명이 있을 수 있어 필요하면 시도명을 추가로 확인
남구,남구,31,울산광역시,31140,남구,울산광역시 남구,sigungu_only,시군구명 단독 매칭은 중복 지명이 있을 수 있어 필요하면 시도명을 추가로 확인
울산남,울산남,31,울산광역시,31140,남구,울산광역시 남구,area_sigungu,시도명과 시군구명을 함께 포함한 권장 매칭
울산남구,울산남구,31,울산광역시,31140,남구,울산광역시 남구,area_sigungu,시도명과 시군구명을 함께 포함한 권장 매칭
울산시남,울산시남,31,울산광역시,31140,남구,울산광역시 남구,area_sigungu,시도명과 시군구명을 함께 포함한 권장 매칭
울산시남구,울산시남구,31,울산광역시,31140,남구,울산광역시 남구,area_sigungu,시도명과 시군구명을 함께 포함한 권장 매칭
울산광역시남,울산광역시남,31,울산광역시,31140,남구,울산광역시 남구,area_sigungu,시도명과 시군구명을 함께 포함한 권장 매칭
울산광역시남구,울산광역시남구,31,울산광역시,31140,남구,울산광역시 남구,area_sigungu,시도명과 시군구명을 함께 포함한 권장 매칭
동,동,31,울산광역시,31170,동구,울산광역시 동구,sigungu_only,시군구명 단독 매칭은 중복 지명이 있을 수 있어 필요하면 시도명을 추가로 확인
동구,동구,31,울산광역시,31170,동구,울산광역시 동구,sigungu_only,시군구명 단독 매칭은 중복 지명이 있을 수 있어 필요하면 시도명을 추가로 확인
울산동,울산동,31,울산광역시,31170,동구,울산광역시 동구,area_sigungu,시도명과 시군구명을 함께 포함한 권장 매칭
울산동구,울산동구,31,울산광역시,31170,동구,울산광역시 동구,area_sigungu,시도명과 시군구명을 함께 포함한 권장 매칭
울산시동,울산시동,31,울산광역시,31170,동구,울산광역시 동구,area_sigungu,시도명과 시군구명을 함께 포함한 권장 매칭
울산시동구,울산시동구,31,울산광역시,31170,동구,울산광역시 동구,area_sigungu,시도명과 시군구명을 함께 포함한 권장 매칭
울산광역시동,울산광역시동,31,울산광역시,31170,동구,울산광역시 동구,area_sigungu,시도명과 시군구명을 함께 포함한 권장 매칭
울산광역시동구,울산광역시동구,31,울산광역시,31170,동구,울산광역시 동구,area_sigungu,시도명과 시군구명을 함께 포함한 권장 매칭
북,북,31,울산광역시,31200,북구,울산광역시 북구,sigungu_only,시군구명 단독 매칭은 중복 지명이 있을 수 있어 필요하면 시도명을 추가로 확인
북구,북구,31,울산광역시,31200,북구,울산광역시 북구,sigungu_only,시군구명 단독 매칭은 중복 지명이 있을 수 있어 필요하면 시도명을 추가로 확인
울산북,울산북,31,울산광역시,31200,북구,울산광역시 북구,area_sigungu,시도명과 시군구명을 함께 포함한 권장 매칭
울산북구,울산북구,31,울산광역시,31200,북구,울산광역시 북구,area_sigungu,시도명과 시군구명을 함께 포함한 권장 매칭
울산시북,울산시북,31,울산광역시,31200,북구,울산광역시 북구,area_sigungu,시도명과 시군구명을 함께 포함한 권장 매칭
울산시북구,울산시북구,31,울산광역시,31200,북구,울산광역시 북구,area_sigungu,시도명과 시군구명을 함께 포함한 권장 매칭
울산광역시북,울산광역시북,31,울산광역시,31200,북구,울산광역시 북구,area_sigungu,시도명과 시군구명을 함께 포함한 권장 매칭
울산광역시북구,울산광역시북구,31,울산광역시,31200,북구,울산광역시 북구,area_sigungu,시도명과 시군구명을 함께 포함한 권장 매칭
울주,울주,31,울산광역시,31710,울주군,울산광역시 울주군,sigungu_only,시군구명 단독 매칭은 중복 지명이 있을 수 있어 필요하면 시도명을 추가로 확인
울주군,울주군,31,울산광역시,31710,울주군,울산광역시 울주군,sigungu_only,시군구명 단독 매칭은 중복 지명이 있을 수 있어 필요하면 시도명을 추가로 확인
울산울주,울산울주,31,울산광역시,31710,울주군,울산광역시 울주군,area_sigungu,시도명과 시군구명을 함께 포함한 권장 매칭
울산시울주,울산시울주,31,울산광역시,31710,울주군,울산광역시 울주군,area_sigungu,시도명과 시군구명을 함께 포함한 권장 매칭
울산울주군,울산울주군,31,울산광역시,31710,울주군,울산광역시 울주군,area_sigungu,시도명과 시군구명을 함께 포함한 권장 매칭
울산시울주군,울산시울주군,31,울산광역시,31710,울주군,울산광역시 울주군,area_sigungu,시도명과 시군구명을 함께 포함한 권장 매칭
울산광역시울주,울산광역시울주,31,울산광역시,31710,울주군,울산광역시 울주군,area_sigungu,시도명과 시군구명을 함께 포함한 권장 매칭
울산광역시울주군,울산광역시울주군,31,울산광역시,31710,울주군,울산광역시 울주군,area_sigungu,시도명과 시군구명을 함께 포함한 권장 매칭
세종특별자치,세종특별자치,36,세종특별자치시,36110,세종특별자치시,세종특별자치시 세종특별자치시,sigungu_only,시군구명 단독 매칭은 중복 지명이 있을 수 있어 필요하면 시도명을 추가로 확인
세종특별자치시,세종특별자치시,36,세종특별자치시,36110,세종특별자치시,세종특별자치시 세종특별자치시,sigungu_only,시군구명 단독 매칭은 중복 지명이 있을 수 있어 필요하면 시도명을 추가로 확인
세종세종특별자치,세종세종특별자치,36,세종특별자치시,36110,세종특별자치시,세종특별자치시 세종특별자치시,area_sigungu,시도명과 시군구명을 함께 포함한 권장 매칭
세종세종특별자치시,세종세종특별자치시,36,세종특별자치시,36110,세종특별자치시,세종특별자치시 세종특별자치시,area_sigungu,시도명과 시군구명을 함께 포함한 권장 매칭
세종시세종특별자치,세종시세종특별자치,36,세종특별자치시,36110,세종특별자치시,세종특별자치시 세종특별자치시,area_sigungu,시도명과 시군구명을 함께 포함한 권장 매칭
세종시세종특별자치시,세종시세종특별자치시,36,세종특별자치시,36110,세종특별자치시,세종특별자치시 세종특별자치시,area_sigungu,시도명과 시군구명을 함께 포함한 권장 매칭
세종특별자치시세종특별자치,세종특별자치시세종특별자치,36,세종특별자치시,36110,세종특별자치시,세종특별자치시 세종특별자치시,area_sigungu,시도명과 시군구명을 함께 포함한 권장 매칭
세종특별자치시세종특별자치시,세종특별자치시세종특별자치시,36,세종특별자치시,36110,세종특별자치시,세종특별자치시 세종특별자치시,area_sigungu,시도명과 시군구명을 함께 포함한 권장 매칭
장안,장안,41,경기도,41111,수원시 장안구,경기도 수원시 장안구,sigungu_only,시군구명 단독 매칭은 중복 지명이 있을 수 있어 필요하면 시도명을 추가로 확인
장안구,장안구,41,경기도,41111,수원시 장안구,경기도 수원시 장안구,sigungu_only,시군구명 단독 매칭은 중복 지명이 있을 수 있어 필요하면 시도명을 추가로 확인
경기장안,경기장안,41,경기도,41111,수원시 장안구,경기도 수원시 장안구,area_sigungu,시도명과 시군구명을 함께 포함한 권장 매칭
경기도장안,경기도장안,41,경기도,41111,수원시 장안구,경기도 수원시 장안구,area_sigungu,시도명과 시군구명을 함께 포함한 권장 매칭
경기장안구,경기장안구,41,경기도,41111,수원시 장안구,경기도 수원시 장안구,area_sigungu,시도명과 시군구명을 함께 포함한 권장 매칭
경기도장안구,경기도장안구,41,경기도,41111,수원시 장안구,경기도 수원시 장안구,area_sigungu,시도명과 시군구명을 함께 포함한 권장 매칭
수원시 장안,수원시장안,41,경기도,41111,수원시 장안구,경기도 수원시 장안구,sigungu_only,시군구명 단독 매칭은 중복 지명이 있을 수 있어 필요하면 시도명을 추가로 확인
수원시 장안구,수원시장안구,41,경기도,41111,수원시 장안구,경기도 수원시 장안구,sigungu_only,시군구명 단독 매칭은 중복 지명이 있을 수 있어 필요하면 시도명을 추가로 확인
경기수원시 장안,경기수원시장안,41,경기도,41111,수원시 장안구,경기도 수원시 장안구,area_sigungu,시도명과 시군구명을 함께 포함한 권장 매칭
경기도수원시 장안,경기도수원시장안,41,경기도,41111,수원시 장안구,경기도 수원시 장안구,area_sigungu,시도명과 시군구명을 함께 포함한 권장 매칭
경기수원시 장안구,경기수원시장안구,41,경기도,41111,수원시 장안구,경기도 수원시 장안구,area_sigungu,시도명과 시군구명을 함께 포함한 권장 매칭
경기도수원시 장안구,경기도수원시장안구,41,경기도,41111,수원시 장안구,경기도 수원시 장안구,area_sigungu,시도명과 시군구명을 함께 포함한 권장 매칭
권선,권선,41,경기도,41113,수원시 권선구,경기도 수원시 권선구,sigungu_only,시군구명 단독 매칭은 중복 지명이 있을 수 있어 필요하면 시도명을 추가로 확인
권선구,권선구,41,경기도,41113,수원시 권선구,경기도 수원시 권선구,sigungu_only,시군구명 단독 매칭은 중복 지명이 있을 수 있어 필요하면 시도명을 추가로 확인
경기권선,경기권선,41,경기도,41113,수원시 권선구,경기도 수원시 권선구,area_sigungu,시도명과 시군구명을 함께 포함한 권장 매칭
경기권선구,경기권선구,41,경기도,41113,수원시 권선구,경기도 수원시 권선구,area_sigungu,시도명과 시군구명을 함께 포함한 권장 매칭
경기도권선,경기도권선,41,경기도,41113,수원시 권선구,경기도 수원시 권선구,area_sigungu,시도명과 시군구명을 함께 포함한 권장 매칭
경기도권선구,경기도권선구,41,경기도,41113,수원시 권선구,경기도 수원시 권선구,area_sigungu,시도명과 시군구명을 함께 포함한 권장 매칭
수원시 권선,수원시권선,41,경기도,41113,수원시 권선구,경기도 수원시 권선구,sigungu_only,시군구명 단독 매칭은 중복 지명이 있을 수 있어 필요하면 시도명을 추가로 확인
수원시 권선구,수원시권선구,41,경기도,41113,수원시 권선구,경기도 수원시 권선구,sigungu_only,시군구명 단독 매칭은 중복 지명이 있을 수 있어 필요하면 시도명을 추가로 확인
경기수원시 권선,경기수원시권선,41,경기도,41113,수원시 권선구,경기도 수원시 권선구,area_sigungu,시도명과 시군구명을 함께 포함한 권장 매칭
경기도수원시 권선,경기도수원시권선,41,경기도,41113,수원시 권선구,경기도 수원시 권선구,area_sigungu,시도명과 시군구명을 함께 포함한 권장 매칭
경기수원시 권선구,경기수원시권선구,41,경기도,41113,수원시 권선구,경기도 수원시 권선구,area_sigungu,시도명과 시군구명을 함께 포함한 권장 매칭
경기도수원시 권선구,경기도수원시권선구,41,경기도,41113,수원시 권선구,경기도 수원시 권선구,area_sigungu,시도명과 시군구명을 함께 포함한 권장 매칭
팔달,팔달,41,경기도,41115,수원시 팔달구,경기도 수원시 팔달구,sigungu_only,시군구명 단독 매칭은 중복 지명이 있을 수 있어 필요하면 시도명을 추가로 확인
팔달구,팔달구,41,경기도,41115,수원시 팔달구,경기도 수원시 팔달구,sigungu_only,시군구명 단독 매칭은 중복 지명이 있을 수 있어 필요하면 시도명을 추가로 확인
경기팔달,경기팔달,41,경기도,41115,수원시 팔달구,경기도 수원시 팔달구,area_sigungu,시도명과 시군구명을 함께 포함한 권장 매칭
경기도팔달,경기도팔달,41,경기도,41115,수원시 팔달구,경기도 수원시 팔달구,area_sigungu,시도명과 시군구명을 함께 포함한 권장 매칭
경기팔달구,경기팔달구,41,경기도,41115,수원시 팔달구,경기도 수원시 팔달구,area_sigungu,시도명과 시군구명을 함께 포함한 권장 매칭
경기도팔달구,경기도팔달구,41,경기도,41115,수원시 팔달구,경기도 수원시 팔달구,area_sigungu,시도명과 시군구명을 함께 포함한 권장 매칭
수원시 팔달,수원시팔달,41,경기도,41115,수원시 팔달구,경기도 수원시 팔달구,sigungu_only,시군구명 단독 매칭은 중복 지명이 있을 수 있어 필요하면 시도명을 추가로 확인
수원시 팔달구,수원시팔달구,41,경기도,41115,수원시 팔달구,경기도 수원시 팔달구,sigungu_only,시군구명 단독 매칭은 중복 지명이 있을 수 있어 필요하면 시도명을 추가로 확인
경기수원시 팔달,경기수원시팔달,41,경기도,41115,수원시 팔달구,경기도 수원시 팔달구,area_sigungu,시도명과 시군구명을 함께 포함한 권장 매칭
경기도수원시 팔달,경기도수원시팔달,41,경기도,41115,수원시 팔달구,경기도 수원시 팔달구,area_sigungu,시도명과 시군구명을 함께 포함한 권장 매칭
경기수원시 팔달구,경기수원시팔달구,41,경기도,41115,수원시 팔달구,경기도 수원시 팔달구,area_sigungu,시도명과 시군구명을 함께 포함한 권장 매칭
경기도수원시 팔달구,경기도수원시팔달구,41,경기도,41115,수원시 팔달구,경기도 수원시 팔달구,area_sigungu,시도명과 시군구명을 함께 포함한 권장 매칭
영통,영통,41,경기도,41117,수원시 영통구,경기도 수원시 영통구,sigungu_only,시군구명 단독 매칭은 중복 지명이 있을 수 있어 필요하면 시도명을 추가로 확인
영통구,영통구,41,경기도,41117,수원시 영통구,경기도 수원시 영통구,sigungu_only,시군구명 단독 매칭은 중복 지명이 있을 수 있어 필요하면 시도명을 추가로 확인
경기영통,경기영통,41,경기도,41117,수원시 영통구,경기도 수원시 영통구,area_sigungu,시도명과 시군구명을 함께 포함한 권장 매칭
경기도영통,경기도영통,41,경기도,41117,수원시 영통구,경기도 수원시 영통구,area_sigungu,시도명과 시군구명을 함께 포함한 권장 매칭
경기영통구,경기영통구,41,경기도,41117,수원시 영통구,경기도 수원시 영통구,area_sigungu,시도명과 시군구명을 함께 포함한 권장 매칭
경기도영통구,경기도영통구,41,경기도,41117,수원시 영통구,경기도 수원시 영통구,area_sigungu,시도명과 시군구명을 함께 포함한 권장 매칭
수원시 영통,수원시영통,41,경기도,41117,수원시 영통구,경기도 수원시 영통구,sigungu_only,시군구명 단독 매칭은 중복 지명이 있을 수 있어 필요하면 시도명을 추가로 확인
수원시 영통구,수원시영통구,41,경기도,41117,수원시 영통구,경기도 수원시 영통구,sigungu_only,시군구명 단독 매칭은 중복 지명이 있을 수 있어 필요하면 시도명을 추가로 확인
경기수원시 영통,경기수원시영통,41,경기도,41117,수원시 영통구,경기도 수원시 영통구,area_sigungu,시도명과 시군구명을 함께 포함한 권장 매칭
경기도수원시 영통,경기도수원시영통,41,경기도,41117,수원시 영통구,경기도 수원시 영통구,area_sigungu,시도명과 시군구명을 함께 포함한 권장 매칭
경기수원시 영통구,경기수원시영통구,41,경기도,41117,수원시 영통구,경기도 수원시 영통구,area_sigungu,시도명과 시군구명을 함께 포함한 권장 매칭
경기도수원시 영통구,경기도수원시영통구,41,경기도,41117,수원시 영통구,경기도 수원시 영통구,area_sigungu,시도명과 시군구명을 함께 포함한 권장 매칭
수정,수정,41,경기도,41131,성남시 수정구,경기도 성남시 수정구,sigungu_only,시군구명 단독 매칭은 중복 지명이 있을 수 있어 필요하면 시도명을 추가로 확인
수정구,수정구,41,경기도,41131,성남시 수정구,경기도 성남시 수정구,sigungu_only,시군구명 단독 매칭은 중복 지명이 있을 수 있어 필요하면 시도명을 추가로 확인
경기수정,경기수정,41,경기도,41131,성남시 수정구,경기도 성남시 수정구,area_sigungu,시도명과 시군구명을 함께 포함한 권장 매칭
경기도수정,경기도수정,41,경기도,41131,성남시 수정구,경기도 성남시 수정구,area_sigungu,시도명과 시군구명을 함께 포함한 권장 매칭
경기수정구,경기수정구,41,경기도,41131,성남시 수정구,경기도 성남시 수정구,area_sigungu,시도명과 시군구명을 함께 포함한 권장 매칭
경기도수정구,경기도수정구,41,경기도,41131,성남시 수정구,경기도 성남시 수정구,area_sigungu,시도명과 시군구명을 함께 포함한 권장 매칭
성남시 수정,성남시수정,41,경기도,41131,성남시 수정구,경기도 성남시 수정구,sigungu_only,시군구명 단독 매칭은 중복 지명이 있을 수 있어 필요하면 시도명을 추가로 확인
성남시 수정구,성남시수정구,41,경기도,41131,성남시 수정구,경기도 성남시 수정구,sigungu_only,시군구명 단독 매칭은 중복 지명이 있을 수 있어 필요하면 시도명을 추가로 확인
경기성남시 수정,경기성남시수정,41,경기도,41131,성남시 수정구,경기도 성남시 수정구,area_sigungu,시도명과 시군구명을 함께 포함한 권장 매칭
경기도성남시 수정,경기도성남시수정,41,경기도,41131,성남시 수정구,경기도 성남시 수정구,area_sigungu,시도명과 시군구명을 함께 포함한 권장 매칭
경기성남시 수정구,경기성남시수정구,41,경기도,41131,성남시 수정구,경기도 성남시 수정구,area_sigungu,시도명과 시군구명을 함께 포함한 권장 매칭
경기도성남시 수정구,경기도성남시수정구,41,경기도,41131,성남시 수정구,경기도 성남시 수정구,area_sigungu,시도명과 시군구명을 함께 포함한 권장 매칭
중원,중원,41,경기도,41133,성남시 중원구,경기도 성남시 중원구,sigungu_only,시군구명 단독 매칭은 중복 지명이 있을 수 있어 필요하면 시도명을 추가로 확인
중원구,중원구,41,경기도,41133,성남시 중원구,경기도 성남시 중원구,sigungu_only,시군구명 단독 매칭은 중복 지명이 있을 수 있어 필요하면 시도명을 추가로 확인
경기중원,경기중원,41,경기도,41133,성남시 중원구,경기도 성남시 중원구,area_sigungu,시도명과 시군구명을 함께 포함한 권장 매칭
경기도중원,경기도중원,41,경기도,41133,성남시 중원구,경기도 성남시 중원구,area_sigungu,시도명과 시군구명을 함께 포함한 권장 매칭
경기중원구,경기중원구,41,경기도,41133,성남시 중원구,경기도 성남시 중원구,area_sigungu,시도명과 시군구명을 함께 포함한 권장 매칭
경기도중원구,경기도중원구,41,경기도,41133,성남시 중원구,경기도 성남시 중원구,area_sigungu,시도명과 시군구명을 함께 포함한 권장 매칭
성남시 중원,성남시중원,41,경기도,41133,성남시 중원구,경기도 성남시 중원구,sigungu_only,시군구명 단독 매칭은 중복 지명이 있을 수 있어 필요하면 시도명을 추가로 확인
성남시 중원구,성남시중원구,41,경기도,41133,성남시 중원구,경기도 성남시 중원구,sigungu_only,시군구명 단독 매칭은 중복 지명이 있을 수 있어 필요하면 시도명을 추가로 확인
경기성남시 중원,경기성남시중원,41,경기도,41133,성남시 중원구,경기도 성남시 중원구,area_sigungu,시도명과 시군구명을 함께 포함한 권장 매칭
경기도성남시 중원,경기도성남시중원,41,경기도,41133,성남시 중원구,경기도 성남시 중원구,area_sigungu,시도명과 시군구명을 함께 포함한 권장 매칭
경기성남시 중원구,경기성남시중원구,41,경기도,41133,성남시 중원구,경기도 성남시 중원구,area_sigungu,시도명과 시군구명을 함께 포함한 권장 매칭
경기도성남시 중원구,경기도성남시중원구,41,경기도,41133,성남시 중원구,경기도 성남시 중원구,area_sigungu,시도명과 시군구명을 함께 포함한 권장 매칭
분당,분당,41,경기도,41135,성남시 분당구,경기도 성남시 분당구,sigungu_only,시군구명 단독 매칭은 중복 지명이 있을 수 있어 필요하면 시도명을 추가로 확인
분당구,분당구,41,경기도,41135,성남시 분당구,경기도 성남시 분당구,sigungu_only,시군구명 단독 매칭은 중복 지명이 있을 수 있어 필요하면 시도명을 추가로 확인
경기분당,경기분당,41,경기도,41135,성남시 분당구,경기도 성남시 분당구,area_sigungu,시도명과 시군구명을 함께 포함한 권장 매칭
경기도분당,경기도분당,41,경기도,41135,성남시 분당구,경기도 성남시 분당구,area_sigungu,시도명과 시군구명을 함께 포함한 권장 매칭
경기분당구,경기분당구,41,경기도,41135,성남시 분당구,경기도 성남시 분당구,area_sigungu,시도명과 시군구명을 함께 포함한 권장 매칭
경기도분당구,경기도분당구,41,경기도,41135,성남시 분당구,경기도 성남시 분당구,area_sigungu,시도명과 시군구명을 함께 포함한 권장 매칭
성남시 분당,성남시분당,41,경기도,41135,성남시 분당구,경기도 성남시 분당구,sigungu_only,시군구명 단독 매칭은 중복 지명이 있을 수 있어 필요하면 시도명을 추가로 확인
성남시 분당구,성남시분당구,41,경기도,41135,성남시 분당구,경기도 성남시 분당구,sigungu_only,시군구명 단독 매칭은 중복 지명이 있을 수 있어 필요하면 시도명을 추가로 확인
경기성남시 분당,경기성남시분당,41,경기도,41135,성남시 분당구,경기도 성남시 분당구,area_sigungu,시도명과 시군구명을 함께 포함한 권장 매칭
경기도성남시 분당,경기도성남시분당,41,경기도,41135,성남시 분당구,경기도 성남시 분당구,area_sigungu,시도명과 시군구명을 함께 포함한 권장 매칭
경기성남시 분당구,경기성남시분당구,41,경기도,41135,성남시 분당구,경기도 성남시 분당구,area_sigungu,시도명과 시군구명을 함께 포함한 권장 매칭
경기도성남시 분당구,경기도성남시분당구,41,경기도,41135,성남시 분당구,경기도 성남시 분당구,area_sigungu,시도명과 시군구명을 함께 포함한 권장 매칭
의정부,의정부,41,경기도,41150,의정부시,경기도 의정부시,sigungu_only,시군구명 단독 매칭은 중복 지명이 있을 수 있어 필요하면 시도명을 추가로 확인
의정부시,의정부시,41,경기도,41150,의정부시,경기도 의정부시,sigungu_only,시군구명 단독 매칭은 중복 지명이 있을 수 있어 필요하면 시도명을 추가로 확인
경기의정부,경기의정부,41,경기도,41150,의정부시,경기도 의정부시,area_sigungu,시도명과 시군구명을 함께 포함한 권장 매칭
경기도의정부,경기도의정부,41,경기도,41150,의정부시,경기도 의정부시,area_sigungu,시도명과 시군구명을 함께 포함한 권장 매칭
경기의정부시,경기의정부시,41,경기도,41150,의정부시,경기도 의정부시,area_sigungu,시도명과 시군구명을 함께 포함한 권장 매칭
경기도의정부시,경기도의정부시,41,경기도,41150,의정부시,경기도 의정부시,area_sigungu,시도명과 시군구명을 함께 포함한 권장 매칭
만안,만안,41,경기도,41171,안양시 만안구,경기도 안양시 만안구,sigungu_only,시군구명 단독 매칭은 중복 지명이 있을 수 있어 필요하면 시도명을 추가로 확인
만안구,만안구,41,경기도,41171,안양시 만안구,경기도 안양시 만안구,sigungu_only,시군구명 단독 매칭은 중복 지명이 있을 수 있어 필요하면 시도명을 추가로 확인
경기만안,경기만안,41,경기도,41171,안양시 만안구,경기도 안양시 만안구,area_sigungu,시도명과 시군구명을 함께 포함한 권장 매칭
경기도만안,경기도만안,41,경기도,41171,안양시 만안구,경기도 안양시 만안구,area_sigungu,시도명과 시군구명을 함께 포함한 권장 매칭
경기만안구,경기만안구,41,경기도,41171,안양시 만안구,경기도 안양시 만안구,area_sigungu,시도명과 시군구명을 함께 포함한 권장 매칭
경기도만안구,경기도만안구,41,경기도,41171,안양시 만안구,경기도 안양시 만안구,area_sigungu,시도명과 시군구명을 함께 포함한 권장 매칭
안양시 만안,안양시만안,41,경기도,41171,안양시 만안구,경기도 안양시 만안구,sigungu_only,시군구명 단독 매칭은 중복 지명이 있을 수 있어 필요하면 시도명을 추가로 확인
안양시 만안구,안양시만안구,41,경기도,41171,안양시 만안구,경기도 안양시 만안구,sigungu_only,시군구명 단독 매칭은 중복 지명이 있을 수 있어 필요하면 시도명을 추가로 확인
경기안양시 만안,경기안양시만안,41,경기도,41171,안양시 만안구,경기도 안양시 만안구,area_sigungu,시도명과 시군구명을 함께 포함한 권장 매칭
경기도안양시 만안,경기도안양시만안,41,경기도,41171,안양시 만안구,경기도 안양시 만안구,area_sigungu,시도명과 시군구명을 함께 포함한 권장 매칭
경기안양시 만안구,경기안양시만안구,41,경기도,41171,안양시 만안구,경기도 안양시 만안구,area_sigungu,시도명과 시군구명을 함께 포함한 권장 매칭
경기도안양시 만안구,경기도안양시만안구,41,경기도,41171,안양시 만안구,경기도 안양시 만안구,area_sigungu,시도명과 시군구명을 함께 포함한 권장 매칭
동안,동안,41,경기도,41173,안양시 동안구,경기도 안양시 동안구,sigungu_only,시군구명 단독 매칭은 중복 지명이 있을 수 있어 필요하면 시도명을 추가로 확인
동안구,동안구,41,경기도,41173,안양시 동안구,경기도 안양시 동안구,sigungu_only,시군구명 단독 매칭은 중복 지명이 있을 수 있어 필요하면 시도명을 추가로 확인
경기동안,경기동안,41,경기도,41173,안양시 동안구,경기도 안양시 동안구,area_sigungu,시도명과 시군구명을 함께 포함한 권장 매칭
경기도동안,경기도동안,41,경기도,41173,안양시 동안구,경기도 안양시 동안구,area_sigungu,시도명과 시군구명을 함께 포함한 권장 매칭
경기동안구,경기동안구,41,경기도,41173,안양시 동안구,경기도 안양시 동안구,area_sigungu,시도명과 시군구명을 함께 포함한 권장 매칭
경기도동안구,경기도동안구,41,경기도,41173,안양시 동안구,경기도 안양시 동안구,area_sigungu,시도명과 시군구명을 함께 포함한 권장 매칭
안양시 동안,안양시동안,41,경기도,41173,안양시 동안구,경기도 안양시 동안구,sigungu_only,시군구명 단독 매칭은 중복 지명이 있을 수 있어 필요하면 시도명을 추가로 확인
안양시 동안구,안양시동안구,41,경기도,41173,안양시 동안구,경기도 안양시 동안구,sigungu_only,시군구명 단독 매칭은 중복 지명이 있을 수 있어 필요하면 시도명을 추가로 확인
경기안양시 동안,경기안양시동안,41,경기도,41173,안양시 동안구,경기도 안양시 동안구,area_sigungu,시도명과 시군구명을 함께 포함한 권장 매칭
경기도안양시 동안,경기도안양시동안,41,경기도,41173,안양시 동안구,경기도 안양시 동안구,area_sigungu,시도명과 시군구명을 함께 포함한 권장 매칭
경기안양시 동안구,경기안양시동안구,41,경기도,41173,안양시 동안구,경기도 안양시 동안구,area_sigungu,시도명과 시군구명을 함께 포함한 권장 매칭
경기도안양시 동안구,경기도안양시동안구,41,경기도,41173,안양시 동안구,경기도 안양시 동안구,area_sigungu,시도명과 시군구명을 함께 포함한 권장 매칭
원미,원미,41,경기도,41192,부천시 원미구,경기도 부천시 원미구,sigungu_only,시군구명 단독 매칭은 중복 지명이 있을 수 있어 필요하면 시도명을 추가로 확인
원미구,원미구,41,경기도,41192,부천시 원미구,경기도 부천시 원미구,sigungu_only,시군구명 단독 매칭은 중복 지명이 있을 수 있어 필요하면 시도명을 추가로 확인
경기원미,경기원미,41,경기도,41192,부천시 원미구,경기도 부천시 원미구,area_sigungu,시도명과 시군구명을 함께 포함한 권장 매칭
경기도원미,경기도원미,41,경기도,41192,부천시 원미구,경기도 부천시 원미구,area_sigungu,시도명과 시군구명을 함께 포함한 권장 매칭
경기원미구,경기원미구,41,경기도,41192,부천시 원미구,경기도 부천시 원미구,area_sigungu,시도명과 시군구명을 함께 포함한 권장 매칭
경기도원미구,경기도원미구,41,경기도,41192,부천시 원미구,경기도 부천시 원미구,area_sigungu,시도명과 시군구명을 함께 포함한 권장 매칭
부천시 원미,부천시원미,41,경기도,41192,부천시 원미구,경기도 부천시 원미구,sigungu_only,시군구명 단독 매칭은 중복 지명이 있을 수 있어 필요하면 시도명을 추가로 확인
부천시 원미구,부천시원미구,41,경기도,41192,부천시 원미구,경기도 부천시 원미구,sigungu_only,시군구명 단독 매칭은 중복 지명이 있을 수 있어 필요하면 시도명을 추가로 확인
경기부천시 원미,경기부천시원미,41,경기도,41192,부천시 원미구,경기도 부천시 원미구,area_sigungu,시도명과 시군구명을 함께 포함한 권장 매칭
경기도부천시 원미,경기도부천시원미,41,경기도,41192,부천시 원미구,경기도 부천시 원미구,area_sigungu,시도명과 시군구명을 함께 포함한 권장 매칭
경기부천시 원미구,경기부천시원미구,41,경기도,41192,부천시 원미구,경기도 부천시 원미구,area_sigungu,시도명과 시군구명을 함께 포함한 권장 매칭
경기도부천시 원미구,경기도부천시원미구,41,경기도,41192,부천시 원미구,경기도 부천시 원미구,area_sigungu,시도명과 시군구명을 함께 포함한 권장 매칭
소사,소사,41,경기도,41194,부천시 소사구,경기도 부천시 소사구,sigungu_only,시군구명 단독 매칭은 중복 지명이 있을 수 있어 필요하면 시도명을 추가로 확인
소사구,소사구,41,경기도,41194,부천시 소사구,경기도 부천시 소사구,sigungu_only,시군구명 단독 매칭은 중복 지명이 있을 수 있어 필요하면 시도명을 추가로 확인
경기소사,경기소사,41,경기도,41194,부천시 소사구,경기도 부천시 소사구,area_sigungu,시도명과 시군구명을 함께 포함한 권장 매칭
경기도소사,경기도소사,41,경기도,41194,부천시 소사구,경기도 부천시 소사구,area_sigungu,시도명과 시군구명을 함께 포함한 권장 매칭
경기소사구,경기소사구,41,경기도,41194,부천시 소사구,경기도 부천시 소사구,area_sigungu,시도명과 시군구명을 함께 포함한 권장 매칭
경기도소사구,경기도소사구,41,경기도,41194,부천시 소사구,경기도 부천시 소사구,area_sigungu,시도명과 시군구명을 함께 포함한 권장 매칭
부천시 소사,부천시소사,41,경기도,41194,부천시 소사구,경기도 부천시 소사구,sigungu_only,시군구명 단독 매칭은 중복 지명이 있을 수 있어 필요하면 시도명을 추가로 확인
부천시 소사구,부천시소사구,41,경기도,41194,부천시 소사구,경기도 부천시 소사구,sigungu_only,시군구명 단독 매칭은 중복 지명이 있을 수 있어 필요하면 시도명을 추가로 확인
경기부천시 소사,경기부천시소사,41,경기도,41194,부천시 소사구,경기도 부천시 소사구,area_sigungu,시도명과 시군구명을 함께 포함한 권장 매칭
경기도부천시 소사,경기도부천시소사,41,경기도,41194,부천시 소사구,경기도 부천시 소사구,area_sigungu,시도명과 시군구명을 함께 포함한 권장 매칭
경기부천시 소사구,경기부천시소사구,41,경기도,41194,부천시 소사구,경기도 부천시 소사구,area_sigungu,시도명과 시군구명을 함께 포함한 권장 매칭
경기도부천시 소사구,경기도부천시소사구,41,경기도,41194,부천시 소사구,경기도 부천시 소사구,area_sigungu,시도명과 시군구명을 함께 포함한 권장 매칭
오정,오정,41,경기도,41196,부천시 오정구,경기도 부천시 오정구,sigungu_only,시군구명 단독 매칭은 중복 지명이 있을 수 있어 필요하면 시도명을 추가로 확인
오정구,오정구,41,경기도,41196,부천시 오정구,경기도 부천시 오정구,sigungu_only,시군구명 단독 매칭은 중복 지명이 있을 수 있어 필요하면 시도명을 추가로 확인
경기오정,경기오정,41,경기도,41196,부천시 오정구,경기도 부천시 오정구,area_sigungu,시도명과 시군구명을 함께 포함한 권장 매칭
경기도오정,경기도오정,41,경기도,41196,부천시 오정구,경기도 부천시 오정구,area_sigungu,시도명과 시군구명을 함께 포함한 권장 매칭
경기오정구,경기오정구,41,경기도,41196,부천시 오정구,경기도 부천시 오정구,area_sigungu,시도명과 시군구명을 함께 포함한 권장 매칭
경기도오정구,경기도오정구,41,경기도,41196,부천시 오정구,경기도 부천시 오정구,area_sigungu,시도명과 시군구명을 함께 포함한 권장 매칭
부천시 오정,부천시오정,41,경기도,41196,부천시 오정구,경기도 부천시 오정구,sigungu_only,시군구명 단독 매칭은 중복 지명이 있을 수 있어 필요하면 시도명을 추가로 확인
부천시 오정구,부천시오정구,41,경기도,41196,부천시 오정구,경기도 부천시 오정구,sigungu_only,시군구명 단독 매칭은 중복 지명이 있을 수 있어 필요하면 시도명을 추가로 확인
경기부천시 오정,경기부천시오정,41,경기도,41196,부천시 오정구,경기도 부천시 오정구,area_sigungu,시도명과 시군구명을 함께 포함한 권장 매칭
경기도부천시 오정,경기도부천시오정,41,경기도,41196,부천시 오정구,경기도 부천시 오정구,area_sigungu,시도명과 시군구명을 함께 포함한 권장 매칭
경기부천시 오정구,경기부천시오정구,41,경기도,41196,부천시 오정구,경기도 부천시 오정구,area_sigungu,시도명과 시군구명을 함께 포함한 권장 매칭
경기도부천시 오정구,경기도부천시오정구,41,경기도,41196,부천시 오정구,경기도 부천시 오정구,area_sigungu,시도명과 시군구명을 함께 포함한 권장 매칭
광명,광명,41,경기도,41210,광명시,경기도 광명시,sigungu_only,시군구명 단독 매칭은 중복 지명이 있을 수 있어 필요하면 시도명을 추가로 확인
광명시,광명시,41,경기도,41210,광명시,경기도 광명시,sigungu_only,시군구명 단독 매칭은 중복 지명이 있을 수 있어 필요하면 시도명을 추가로 확인
경기광명,경기광명,41,경기도,41210,광명시,경기도 광명시,area_sigungu,시도명과 시군구명을 함께 포함한 권장 매칭
경기광명시,경기광명시,41,경기도,41210,광명시,경기도 광명시,area_sigungu,시도명과 시군구명을 함께 포함한 권장 매칭
경기도광명,경기도광명,41,경기도,41210,광명시,경기도 광명시,area_sigungu,시도명과 시군구명을 함께 포함한 권장 매칭
경기도광명시,경기도광명시,41,경기도,41210,광명시,경기도 광명시,area_sigungu,시도명과 시군구명을 함께 포함한 권장 매칭
평택,평택,41,경기도,41220,평택시,경기도 평택시,sigungu_only,시군구명 단독 매칭은 중복 지명이 있을 수 있어 필요하면 시도명을 추가로 확인
평택시,평택시,41,경기도,41220,평택시,경기도 평택시,sigungu_only,시군구명 단독 매칭은 중복 지명이 있을 수 있어 필요하면 시도명을 추가로 확인
경기평택,경기평택,41,경기도,41220,평택시,경기도 평택시,area_sigungu,시도명과 시군구명을 함께 포함한 권장 매칭
경기도평택,경기도평택,41,경기도,41220,평택시,경기도 평택시,area_sigungu,시도명과 시군구명을 함께 포함한 권장 매칭
경기평택시,경기평택시,41,경기도,41220,평택시,경기도 평택시,area_sigungu,시도명과 시군구명을 함께 포함한 권장 매칭
경기도평택시,경기도평택시,41,경기도,41220,평택시,경기도 평택시,area_sigungu,시도명과 시군구명을 함께 포함한 권장 매칭
동두천,동두천,41,경기도,41250,동두천시,경기도 동두천시,sigungu_only,시군구명 단독 매칭은 중복 지명이 있을 수 있어 필요하면 시도명을 추가로 확인
동두천시,동두천시,41,경기도,41250,동두천시,경기도 동두천시,sigungu_only,시군구명 단독 매칭은 중복 지명이 있을 수 있어 필요하면 시도명을 추가로 확인
경기동두천,경기동두천,41,경기도,41250,동두천시,경기도 동두천시,area_sigungu,시도명과 시군구명을 함께 포함한 권장 매칭
경기도동두천,경기도동두천,41,경기도,41250,동두천시,경기도 동두천시,area_sigungu,시도명과 시군구명을 함께 포함한 권장 매칭
경기동두천시,경기동두천시,41,경기도,41250,동두천시,경기도 동두천시,area_sigungu,시도명과 시군구명을 함께 포함한 권장 매칭
경기도동두천시,경기도동두천시,41,경기도,41250,동두천시,경기도 동두천시,area_sigungu,시도명과 시군구명을 함께 포함한 권장 매칭
상록,상록,41,경기도,41271,안산시 상록구,경기도 안산시 상록구,sigungu_only,시군구명 단독 매칭은 중복 지명이 있을 수 있어 필요하면 시도명을 추가로 확인
상록구,상록구,41,경기도,41271,안산시 상록구,경기도 안산시 상록구,sigungu_only,시군구명 단독 매칭은 중복 지명이 있을 수 있어 필요하면 시도명을 추가로 확인
경기상록,경기상록,41,경기도,41271,안산시 상록구,경기도 안산시 상록구,area_sigungu,시도명과 시군구명을 함께 포함한 권장 매칭
경기도상록,경기도상록,41,경기도,41271,안산시 상록구,경기도 안산시 상록구,area_sigungu,시도명과 시군구명을 함께 포함한 권장 매칭
경기상록구,경기상록구,41,경기도,41271,안산시 상록구,경기도 안산시 상록구,area_sigungu,시도명과 시군구명을 함께 포함한 권장 매칭
경기도상록구,경기도상록구,41,경기도,41271,안산시 상록구,경기도 안산시 상록구,area_sigungu,시도명과 시군구명을 함께 포함한 권장 매칭
안산시 상록,안산시상록,41,경기도,41271,안산시 상록구,경기도 안산시 상록구,sigungu_only,시군구명 단독 매칭은 중복 지명이 있을 수 있어 필요하면 시도명을 추가로 확인
안산시 상록구,안산시상록구,41,경기도,41271,안산시 상록구,경기도 안산시 상록구,sigungu_only,시군구명 단독 매칭은 중복 지명이 있을 수 있어 필요하면 시도명을 추가로 확인
경기안산시 상록,경기안산시상록,41,경기도,41271,안산시 상록구,경기도 안산시 상록구,area_sigungu,시도명과 시군구명을 함께 포함한 권장 매칭
경기도안산시 상록,경기도안산시상록,41,경기도,41271,안산시 상록구,경기도 안산시 상록구,area_sigungu,시도명과 시군구명을 함께 포함한 권장 매칭
경기안산시 상록구,경기안산시상록구,41,경기도,41271,안산시 상록구,경기도 안산시 상록구,area_sigungu,시도명과 시군구명을 함께 포함한 권장 매칭
경기도안산시 상록구,경기도안산시상록구,41,경기도,41271,안산시 상록구,경기도 안산시 상록구,area_sigungu,시도명과 시군구명을 함께 포함한 권장 매칭
단원,단원,41,경기도,41273,안산시 단원구,경기도 안산시 단원구,sigungu_only,시군구명 단독 매칭은 중복 지명이 있을 수 있어 필요하면 시도명을 추가로 확인
단원구,단원구,41,경기도,41273,안산시 단원구,경기도 안산시 단원구,sigungu_only,시군구명 단독 매칭은 중복 지명이 있을 수 있어 필요하면 시도명을 추가로 확인
경기단원,경기단원,41,경기도,41273,안산시 단원구,경기도 안산시 단원구,area_sigungu,시도명과 시군구명을 함께 포함한 권장 매칭
경기단원구,경기단원구,41,경기도,41273,안산시 단원구,경기도 안산시 단원구,area_sigungu,시도명과 시군구명을 함께 포함한 권장 매칭
경기도단원,경기도단원,41,경기도,41273,안산시 단원구,경기도 안산시 단원구,area_sigungu,시도명과 시군구명을 함께 포함한 권장 매칭
경기도단원구,경기도단원구,41,경기도,41273,안산시 단원구,경기도 안산시 단원구,area_sigungu,시도명과 시군구명을 함께 포함한 권장 매칭
안산시 단원,안산시단원,41,경기도,41273,안산시 단원구,경기도 안산시 단원구,sigungu_only,시군구명 단독 매칭은 중복 지명이 있을 수 있어 필요하면 시도명을 추가로 확인
안산시 단원구,안산시단원구,41,경기도,41273,안산시 단원구,경기도 안산시 단원구,sigungu_only,시군구명 단독 매칭은 중복 지명이 있을 수 있어 필요하면 시도명을 추가로 확인
경기안산시 단원,경기안산시단원,41,경기도,41273,안산시 단원구,경기도 안산시 단원구,area_sigungu,시도명과 시군구명을 함께 포함한 권장 매칭
경기도안산시 단원,경기도안산시단원,41,경기도,41273,안산시 단원구,경기도 안산시 단원구,area_sigungu,시도명과 시군구명을 함께 포함한 권장 매칭
경기안산시 단원구,경기안산시단원구,41,경기도,41273,안산시 단원구,경기도 안산시 단원구,area_sigungu,시도명과 시군구명을 함께 포함한 권장 매칭
경기도안산시 단원구,경기도안산시단원구,41,경기도,41273,안산시 단원구,경기도 안산시 단원구,area_sigungu,시도명과 시군구명을 함께 포함한 권장 매칭
덕양,덕양,41,경기도,41281,고양시 덕양구,경기도 고양시 덕양구,sigungu_only,시군구명 단독 매칭은 중복 지명이 있을 수 있어 필요하면 시도명을 추가로 확인
덕양구,덕양구,41,경기도,41281,고양시 덕양구,경기도 고양시 덕양구,sigungu_only,시군구명 단독 매칭은 중복 지명이 있을 수 있어 필요하면 시도명을 추가로 확인
경기덕양,경기덕양,41,경기도,41281,고양시 덕양구,경기도 고양시 덕양구,area_sigungu,시도명과 시군구명을 함께 포함한 권장 매칭
경기덕양구,경기덕양구,41,경기도,41281,고양시 덕양구,경기도 고양시 덕양구,area_sigungu,시도명과 시군구명을 함께 포함한 권장 매칭
경기도덕양,경기도덕양,41,경기도,41281,고양시 덕양구,경기도 고양시 덕양구,area_sigungu,시도명과 시군구명을 함께 포함한 권장 매칭
경기도덕양구,경기도덕양구,41,경기도,41281,고양시 덕양구,경기도 고양시 덕양구,area_sigungu,시도명과 시군구명을 함께 포함한 권장 매칭
고양시 덕양,고양시덕양,41,경기도,41281,고양시 덕양구,경기도 고양시 덕양구,sigungu_only,시군구명 단독 매칭은 중복 지명이 있을 수 있어 필요하면 시도명을 추가로 확인
고양시 덕양구,고양시덕양구,41,경기도,41281,고양시 덕양구,경기도 고양시 덕양구,sigungu_only,시군구명 단독 매칭은 중복 지명이 있을 수 있어 필요하면 시도명을 추가로 확인
경기고양시 덕양,경기고양시덕양,41,경기도,41281,고양시 덕양구,경기도 고양시 덕양구,area_sigungu,시도명과 시군구명을 함께 포함한 권장 매칭
경기고양시 덕양구,경기고양시덕양구,41,경기도,41281,고양시 덕양구,경기도 고양시 덕양구,area_sigungu,시도명과 시군구명을 함께 포함한 권장 매칭
경기도고양시 덕양,경기도고양시덕양,41,경기도,41281,고양시 덕양구,경기도 고양시 덕양구,area_sigungu,시도명과 시군구명을 함께 포함한 권장 매칭
경기도고양시 덕양구,경기도고양시덕양구,41,경기도,41281,고양시 덕양구,경기도 고양시 덕양구,area_sigungu,시도명과 시군구명을 함께 포함한 권장 매칭
일산동,일산동,41,경기도,41285,고양시 일산동구,경기도 고양시 일산동구,sigungu_only,시군구명 단독 매칭은 중복 지명이 있을 수 있어 필요하면 시도명을 추가로 확인
일산동구,일산동구,41,경기도,41285,고양시 일산동구,경기도 고양시 일산동구,sigungu_only,시군구명 단독 매칭은 중복 지명이 있을 수 있어 필요하면 시도명을 추가로 확인
경기일산동,경기일산동,41,경기도,41285,고양시 일산동구,경기도 고양시 일산동구,area_sigungu,시도명과 시군구명을 함께 포함한 권장 매칭
경기도일산동,경기도일산동,41,경기도,41285,고양시 일산동구,경기도 고양시 일산동구,area_sigungu,시도명과 시군구명을 함께 포함한 권장 매칭
경기일산동구,경기일산동구,41,경기도,41285,고양시 일산동구,경기도 고양시 일산동구,area_sigungu,시도명과 시군구명을 함께 포함한 권장 매칭
경기도일산동구,경기도일산동구,41,경기도,41285,고양시 일산동구,경기도 고양시 일산동구,area_sigungu,시도명과 시군구명을 함께 포함한 권장 매칭
고양시 일산동,고양시일산동,41,경기도,41285,고양시 일산동구,경기도 고양시 일산동구,sigungu_only,시군구명 단독 매칭은 중복 지명이 있을 수 있어 필요하면 시도명을 추가로 확인
고양시 일산동구,고양시일산동구,41,경기도,41285,고양시 일산동구,경기도 고양시 일산동구,sigungu_only,시군구명 단독 매칭은 중복 지명이 있을 수 있어 필요하면 시도명을 추가로 확인
경기고양시 일산동,경기고양시일산동,41,경기도,41285,고양시 일산동구,경기도 고양시 일산동구,area_sigungu,시도명과 시군구명을 함께 포함한 권장 매칭
경기고양시 일산동구,경기고양시일산동구,41,경기도,41285,고양시 일산동구,경기도 고양시 일산동구,area_sigungu,시도명과 시군구명을 함께 포함한 권장 매칭
경기도고양시 일산동,경기도고양시일산동,41,경기도,41285,고양시 일산동구,경기도 고양시 일산동구,area_sigungu,시도명과 시군구명을 함께 포함한 권장 매칭
경기도고양시 일산동구,경기도고양시일산동구,41,경기도,41285,고양시 일산동구,경기도 고양시 일산동구,area_sigungu,시도명과 시군구명을 함께 포함한 권장 매칭
일산서,일산서,41,경기도,41287,고양시 일산서구,경기도 고양시 일산서구,sigungu_only,시군구명 단독 매칭은 중복 지명이 있을 수 있어 필요하면 시도명을 추가로 확인
일산서구,일산서구,41,경기도,41287,고양시 일산서구,경기도 고양시 일산서구,sigungu_only,시군구명 단독 매칭은 중복 지명이 있을 수 있어 필요하면 시도명을 추가로 확인
경기일산서,경기일산서,41,경기도,41287,고양시 일산서구,경기도 고양시 일산서구,area_sigungu,시도명과 시군구명을 함께 포함한 권장 매칭
경기도일산서,경기도일산서,41,경기도,41287,고양시 일산서구,경기도 고양시 일산서구,area_sigungu,시도명과 시군구명을 함께 포함한 권장 매칭
경기일산서구,경기일산서구,41,경기도,41287,고양시 일산서구,경기도 고양시 일산서구,area_sigungu,시도명과 시군구명을 함께 포함한 권장 매칭
경기도일산서구,경기도일산서구,41,경기도,41287,고양시 일산서구,경기도 고양시 일산서구,area_sigungu,시도명과 시군구명을 함께 포함한 권장 매칭
고양시 일산서,고양시일산서,41,경기도,41287,고양시 일산서구,경기도 고양시 일산서구,sigungu_only,시군구명 단독 매칭은 중복 지명이 있을 수 있어 필요하면 시도명을 추가로 확인
고양시 일산서구,고양시일산서구,41,경기도,41287,고양시 일산서구,경기도 고양시 일산서구,sigungu_only,시군구명 단독 매칭은 중복 지명이 있을 수 있어 필요하면 시도명을 추가로 확인
경기고양시 일산서,경기고양시일산서,41,경기도,41287,고양시 일산서구,경기도 고양시 일산서구,area_sigungu,시도명과 시군구명을 함께 포함한 권장 매칭
경기고양시 일산서구,경기고양시일산서구,41,경기도,41287,고양시 일산서구,경기도 고양시 일산서구,area_sigungu,시도명과 시군구명을 함께 포함한 권장 매칭
경기도고양시 일산서,경기도고양시일산서,41,경기도,41287,고양시 일산서구,경기도 고양시 일산서구,area_sigungu,시도명과 시군구명을 함께 포함한 권장 매칭
경기도고양시 일산서구,경기도고양시일산서구,41,경기도,41287,고양시 일산서구,경기도 고양시 일산서구,area_sigungu,시도명과 시군구명을 함께 포함한 권장 매칭
과천,과천,41,경기도,41290,과천시,경기도 과천시,sigungu_only,시군구명 단독 매칭은 중복 지명이 있을 수 있어 필요하면 시도명을 추가로 확인
과천시,과천시,41,경기도,41290,과천시,경기도 과천시,sigungu_only,시군구명 단독 매칭은 중복 지명이 있을 수 있어 필요하면 시도명을 추가로 확인
경기과천,경기과천,41,경기도,41290,과천시,경기도 과천시,area_sigungu,시도명과 시군구명을 함께 포함한 권장 매칭
경기과천시,경기과천시,41,경기도,41290,과천시,경기도 과천시,area_sigungu,시도명과 시군구명을 함께 포함한 권장 매칭
경기도과천,경기도과천,41,경기도,41290,과천시,경기도 과천시,area_sigungu,시도명과 시군구명을 함께 포함한 권장 매칭
경기도과천시,경기도과천시,41,경기도,41290,과천시,경기도 과천시,area_sigungu,시도명과 시군구명을 함께 포함한 권장 매칭
구리,구리,41,경기도,41310,구리시,경기도 구리시,sigungu_only,시군구명 단독 매칭은 중복 지명이 있을 수 있어 필요하면 시도명을 추가로 확인
구리시,구리시,41,경기도,41310,구리시,경기도 구리시,sigungu_only,시군구명 단독 매칭은 중복 지명이 있을 수 있어 필요하면 시도명을 추가로 확인
경기구리,경기구리,41,경기도,41310,구리시,경기도 구리시,area_sigungu,시도명과 시군구명을 함께 포함한 권장 매칭
경기구리시,경기구리시,41,경기도,41310,구리시,경기도 구리시,area_sigungu,시도명과 시군구명을 함께 포함한 권장 매칭
경기도구리,경기도구리,41,경기도,41310,구리시,경기도 구리시,area_sigungu,시도명과 시군구명을 함께 포함한 권장 매칭
경기도구리시,경기도구리시,41,경기도,41310,구리시,경기도 구리시,area_sigungu,시도명과 시군구명을 함께 포함한 권장 매칭
남양주,남양주,41,경기도,41360,남양주시,경기도 남양주시,sigungu_only,시군구명 단독 매칭은 중복 지명이 있을 수 있어 필요하면 시도명을 추가로 확인
남양주시,남양주시,41,경기도,41360,남양주시,경기도 남양주시,sigungu_only,시군구명 단독 매칭은 중복 지명이 있을 수 있어 필요하면 시도명을 추가로 확인
경기남양주,경기남양주,41,경기도,41360,남양주시,경기도 남양주시,area_sigungu,시도명과 시군구명을 함께 포함한 권장 매칭
경기남양주시,경기남양주시,41,경기도,41360,남양주시,경기도 남양주시,area_sigungu,시도명과 시군구명을 함께 포함한 권장 매칭
경기도남양주,경기도남양주,41,경기도,41360,남양주시,경기도 남양주시,area_sigungu,시도명과 시군구명을 함께 포함한 권장 매칭
경기도남양주시,경기도남양주시,41,경기도,41360,남양주시,경기도 남양주시,area_sigungu,시도명과 시군구명을 함께 포함한 권장 매칭
오산,오산,41,경기도,41370,오산시,경기도 오산시,sigungu_only,시군구명 단독 매칭은 중복 지명이 있을 수 있어 필요하면 시도명을 추가로 확인
오산시,오산시,41,경기도,41370,오산시,경기도 오산시,sigungu_only,시군구명 단독 매칭은 중복 지명이 있을 수 있어 필요하면 시도명을 추가로 확인
경기오산,경기오산,41,경기도,41370,오산시,경기도 오산시,area_sigungu,시도명과 시군구명을 함께 포함한 권장 매칭
경기도오산,경기도오산,41,경기도,41370,오산시,경기도 오산시,area_sigungu,시도명과 시군구명을 함께 포함한 권장 매칭
경기오산시,경기오산시,41,경기도,41370,오산시,경기도 오산시,area_sigungu,시도명과 시군구명을 함께 포함한 권장 매칭
경기도오산시,경기도오산시,41,경기도,41370,오산시,경기도 오산시,area_sigungu,시도명과 시군구명을 함께 포함한 권장 매칭
시흥,시흥,41,경기도,41390,시흥시,경기도 시흥시,sigungu_only,시군구명 단독 매칭은 중복 지명이 있을 수 있어 필요하면 시도명을 추가로 확인
시흥시,시흥시,41,경기도,41390,시흥시,경기도 시흥시,sigungu_only,시군구명 단독 매칭은 중복 지명이 있을 수 있어 필요하면 시도명을 추가로 확인
경기시흥,경기시흥,41,경기도,41390,시흥시,경기도 시흥시,area_sigungu,시도명과 시군구명을 함께 포함한 권장 매칭
경기도시흥,경기도시흥,41,경기도,41390,시흥시,경기도 시흥시,area_sigungu,시도명과 시군구명을 함께 포함한 권장 매칭
경기시흥시,경기시흥시,41,경기도,41390,시흥시,경기도 시흥시,area_sigungu,시도명과 시군구명을 함께 포함한 권장 매칭
경기도시흥시,경기도시흥시,41,경기도,41390,시흥시,경기도 시흥시,area_sigungu,시도명과 시군구명을 함께 포함한 권장 매칭
군포,군포,41,경기도,41410,군포시,경기도 군포시,sigungu_only,시군구명 단독 매칭은 중복 지명이 있을 수 있어 필요하면 시도명을 추가로 확인
군포시,군포시,41,경기도,41410,군포시,경기도 군포시,sigungu_only,시군구명 단독 매칭은 중복 지명이 있을 수 있어 필요하면 시도명을 추가로 확인
경기군포,경기군포,41,경기도,41410,군포시,경기도 군포시,area_sigungu,시도명과 시군구명을 함께 포함한 권장 매칭
경기군포시,경기군포시,41,경기도,41410,군포시,경기도 군포시,area_sigungu,시도명과 시군구명을 함께 포함한 권장 매칭
경기도군포,경기도군포,41,경기도,41410,군포시,경기도 군포시,area_sigungu,시도명과 시군구명을 함께 포함한 권장 매칭
경기도군포시,경기도군포시,41,경기도,41410,군포시,경기도 군포시,area_sigungu,시도명과 시군구명을 함께 포함한 권장 매칭
의왕,의왕,41,경기도,41430,의왕시,경기도 의왕시,sigungu_only,시군구명 단독 매칭은 중복 지명이 있을 수 있어 필요하면 시도명을 추가로 확인
의왕시,의왕시,41,경기도,41430,의왕시,경기도 의왕시,sigungu_only,시군구명 단독 매칭은 중복 지명이 있을 수 있어 필요하면 시도명을 추가로 확인
경기의왕,경기의왕,41,경기도,41430,의왕시,경기도 의왕시,area_sigungu,시도명과 시군구명을 함께 포함한 권장 매칭
경기도의왕,경기도의왕,41,경기도,41430,의왕시,경기도 의왕시,area_sigungu,시도명과 시군구명을 함께 포함한 권장 매칭
경기의왕시,경기의왕시,41,경기도,41430,의왕시,경기도 의왕시,area_sigungu,시도명과 시군구명을 함께 포함한 권장 매칭
경기도의왕시,경기도의왕시,41,경기도,41430,의왕시,경기도 의왕시,area_sigungu,시도명과 시군구명을 함께 포함한 권장 매칭
하남,하남,41,경기도,41450,하남시,경기도 하남시,sigungu_only,시군구명 단독 매칭은 중복 지명이 있을 수 있어 필요하면 시도명을 추가로 확인
하남시,하남시,41,경기도,41450,하남시,경기도 하남시,sigungu_only,시군구명 단독 매칭은 중복 지명이 있을 수 있어 필요하면 시도명을 추가로 확인
경기하남,경기하남,41,경기도,41450,하남시,경기도 하남시,area_sigungu,시도명과 시군구명을 함께 포함한 권장 매칭
경기도하남,경기도하남,41,경기도,41450,하남시,경기도 하남시,area_sigungu,시도명과 시군구명을 함께 포함한 권장 매칭
경기하남시,경기하남시,41,경기도,41450,하남시,경기도 하남시,area_sigungu,시도명과 시군구명을 함께 포함한 권장 매칭
경기도하남시,경기도하남시,41,경기도,41450,하남시,경기도 하남시,area_sigungu,시도명과 시군구명을 함께 포함한 권장 매칭
처인,처인,41,경기도,41461,용인시 처인구,경기도 용인시 처인구,sigungu_only,시군구명 단독 매칭은 중복 지명이 있을 수 있어 필요하면 시도명을 추가로 확인
처인구,처인구,41,경기도,41461,용인시 처인구,경기도 용인시 처인구,sigungu_only,시군구명 단독 매칭은 중복 지명이 있을 수 있어 필요하면 시도명을 추가로 확인
경기처인,경기처인,41,경기도,41461,용인시 처인구,경기도 용인시 처인구,area_sigungu,시도명과 시군구명을 함께 포함한 권장 매칭
경기도처인,경기도처인,41,경기도,41461,용인시 처인구,경기도 용인시 처인구,area_sigungu,시도명과 시군구명을 함께 포함한 권장 매칭
경기처인구,경기처인구,41,경기도,41461,용인시 처인구,경기도 용인시 처인구,area_sigungu,시도명과 시군구명을 함께 포함한 권장 매칭
경기도처인구,경기도처인구,41,경기도,41461,용인시 처인구,경기도 용인시 처인구,area_sigungu,시도명과 시군구명을 함께 포함한 권장 매칭
용인시 처인,용인시처인,41,경기도,41461,용인시 처인구,경기도 용인시 처인구,sigungu_only,시군구명 단독 매칭은 중복 지명이 있을 수 있어 필요하면 시도명을 추가로 확인
용인시 처인구,용인시처인구,41,경기도,41461,용인시 처인구,경기도 용인시 처인구,sigungu_only,시군구명 단독 매칭은 중복 지명이 있을 수 있어 필요하면 시도명을 추가로 확인
경기용인시 처인,경기용인시처인,41,경기도,41461,용인시 처인구,경기도 용인시 처인구,area_sigungu,시도명과 시군구명을 함께 포함한 권장 매칭
경기도용인시 처인,경기도용인시처인,41,경기도,41461,용인시 처인구,경기도 용인시 처인구,area_sigungu,시도명과 시군구명을 함께 포함한 권장 매칭
경기용인시 처인구,경기용인시처인구,41,경기도,41461,용인시 처인구,경기도 용인시 처인구,area_sigungu,시도명과 시군구명을 함께 포함한 권장 매칭
경기도용인시 처인구,경기도용인시처인구,41,경기도,41461,용인시 처인구,경기도 용인시 처인구,area_sigungu,시도명과 시군구명을 함께 포함한 권장 매칭
기흥,기흥,41,경기도,41463,용인시 기흥구,경기도 용인시 기흥구,sigungu_only,시군구명 단독 매칭은 중복 지명이 있을 수 있어 필요하면 시도명을 추가로 확인
기흥구,기흥구,41,경기도,41463,용인시 기흥구,경기도 용인시 기흥구,sigungu_only,시군구명 단독 매칭은 중복 지명이 있을 수 있어 필요하면 시도명을 추가로 확인
경기기흥,경기기흥,41,경기도,41463,용인시 기흥구,경기도 용인시 기흥구,area_sigungu,시도명과 시군구명을 함께 포함한 권장 매칭
경기기흥구,경기기흥구,41,경기도,41463,용인시 기흥구,경기도 용인시 기흥구,area_sigungu,시도명과 시군구명을 함께 포함한 권장 매칭
경기도기흥,경기도기흥,41,경기도,41463,용인시 기흥구,경기도 용인시 기흥구,area_sigungu,시도명과 시군구명을 함께 포함한 권장 매칭
경기도기흥구,경기도기흥구,41,경기도,41463,용인시 기흥구,경기도 용인시 기흥구,area_sigungu,시도명과 시군구명을 함께 포함한 권장 매칭
용인시 기흥,용인시기흥,41,경기도,41463,용인시 기흥구,경기도 용인시 기흥구,sigungu_only,시군구명 단독 매칭은 중복 지명이 있을 수 있어 필요하면 시도명을 추가로 확인
용인시 기흥구,용인시기흥구,41,경기도,41463,용인시 기흥구,경기도 용인시 기흥구,sigungu_only,시군구명 단독 매칭은 중복 지명이 있을 수 있어 필요하면 시도명을 추가로 확인
경기용인시 기흥,경기용인시기흥,41,경기도,41463,용인시 기흥구,경기도 용인시 기흥구,area_sigungu,시도명과 시군구명을 함께 포함한 권장 매칭
경기도용인시 기흥,경기도용인시기흥,41,경기도,41463,용인시 기흥구,경기도 용인시 기흥구,area_sigungu,시도명과 시군구명을 함께 포함한 권장 매칭
경기용인시 기흥구,경기용인시기흥구,41,경기도,41463,용인시 기흥구,경기도 용인시 기흥구,area_sigungu,시도명과 시군구명을 함께 포함한 권장 매칭
경기도용인시 기흥구,경기도용인시기흥구,41,경기도,41463,용인시 기흥구,경기도 용인시 기흥구,area_sigungu,시도명과 시군구명을 함께 포함한 권장 매칭
수지,수지,41,경기도,41465,용인시 수지구,경기도 용인시 수지구,sigungu_only,시군구명 단독 매칭은 중복 지명이 있을 수 있어 필요하면 시도명을 추가로 확인
수지구,수지구,41,경기도,41465,용인시 수지구,경기도 용인시 수지구,sigungu_only,시군구명 단독 매칭은 중복 지명이 있을 수 있어 필요하면 시도명을 추가로 확인
경기수지,경기수지,41,경기도,41465,용인시 수지구,경기도 용인시 수지구,area_sigungu,시도명과 시군구명을 함께 포함한 권장 매칭
경기도수지,경기도수지,41,경기도,41465,용인시 수지구,경기도 용인시 수지구,area_sigungu,시도명과 시군구명을 함께 포함한 권장 매칭
경기수지구,경기수지구,41,경기도,41465,용인시 수지구,경기도 용인시 수지구,area_sigungu,시도명과 시군구명을 함께 포함한 권장 매칭
경기도수지구,경기도수지구,41,경기도,41465,용인시 수지구,경기도 용인시 수지구,area_sigungu,시도명과 시군구명을 함께 포함한 권장 매칭
용인시 수지,용인시수지,41,경기도,41465,용인시 수지구,경기도 용인시 수지구,sigungu_only,시군구명 단독 매칭은 중복 지명이 있을 수 있어 필요하면 시도명을 추가로 확인
용인시 수지구,용인시수지구,41,경기도,41465,용인시 수지구,경기도 용인시 수지구,sigungu_only,시군구명 단독 매칭은 중복 지명이 있을 수 있어 필요하면 시도명을 추가로 확인
경기용인시 수지,경기용인시수지,41,경기도,41465,용인시 수지구,경기도 용인시 수지구,area_sigungu,시도명과 시군구명을 함께 포함한 권장 매칭
경기도용인시 수지,경기도용인시수지,41,경기도,41465,용인시 수지구,경기도 용인시 수지구,area_sigungu,시도명과 시군구명을 함께 포함한 권장 매칭
경기용인시 수지구,경기용인시수지구,41,경기도,41465,용인시 수지구,경기도 용인시 수지구,area_sigungu,시도명과 시군구명을 함께 포함한 권장 매칭
경기도용인시 수지구,경기도용인시수지구,41,경기도,41465,용인시 수지구,경기도 용인시 수지구,area_sigungu,시도명과 시군구명을 함께 포함한 권장 매칭
파주,파주,41,경기도,41480,파주시,경기도 파주시,sigungu_only,시군구명 단독 매칭은 중복 지명이 있을 수 있어 필요하면 시도명을 추가로 확인
파주시,파주시,41,경기도,41480,파주시,경기도 파주시,sigungu_only,시군구명 단독 매칭은 중복 지명이 있을 수 있어 필요하면 시도명을 추가로 확인
경기파주,경기파주,41,경기도,41480,파주시,경기도 파주시,area_sigungu,시도명과 시군구명을 함께 포함한 권장 매칭
경기도파주,경기도파주,41,경기도,41480,파주시,경기도 파주시,area_sigungu,시도명과 시군구명을 함께 포함한 권장 매칭
경기파주시,경기파주시,41,경기도,41480,파주시,경기도 파주시,area_sigungu,시도명과 시군구명을 함께 포함한 권장 매칭
경기도파주시,경기도파주시,41,경기도,41480,파주시,경기도 파주시,area_sigungu,시도명과 시군구명을 함께 포함한 권장 매칭
이천,이천,41,경기도,41500,이천시,경기도 이천시,sigungu_only,시군구명 단독 매칭은 중복 지명이 있을 수 있어 필요하면 시도명을 추가로 확인
이천시,이천시,41,경기도,41500,이천시,경기도 이천시,sigungu_only,시군구명 단독 매칭은 중복 지명이 있을 수 있어 필요하면 시도명을 추가로 확인
경기이천,경기이천,41,경기도,41500,이천시,경기도 이천시,area_sigungu,시도명과 시군구명을 함께 포함한 권장 매칭
경기도이천,경기도이천,41,경기도,41500,이천시,경기도 이천시,area_sigungu,시도명과 시군구명을 함께 포함한 권장 매칭
경기이천시,경기이천시,41,경기도,41500,이천시,경기도 이천시,area_sigungu,시도명과 시군구명을 함께 포함한 권장 매칭
경기도이천시,경기도이천시,41,경기도,41500,이천시,경기도 이천시,area_sigungu,시도명과 시군구명을 함께 포함한 권장 매칭
안성,안성,41,경기도,41550,안성시,경기도 안성시,sigungu_only,시군구명 단독 매칭은 중복 지명이 있을 수 있어 필요하면 시도명을 추가로 확인
안성시,안성시,41,경기도,41550,안성시,경기도 안성시,sigungu_only,시군구명 단독 매칭은 중복 지명이 있을 수 있어 필요하면 시도명을 추가로 확인
경기안성,경기안성,41,경기도,41550,안성시,경기도 안성시,area_sigungu,시도명과 시군구명을 함께 포함한 권장 매칭
경기도안성,경기도안성,41,경기도,41550,안성시,경기도 안성시,area_sigungu,시도명과 시군구명을 함께 포함한 권장 매칭
경기안성시,경기안성시,41,경기도,41550,안성시,경기도 안성시,area_sigungu,시도명과 시군구명을 함께 포함한 권장 매칭
경기도안성시,경기도안성시,41,경기도,41550,안성시,경기도 안성시,area_sigungu,시도명과 시군구명을 함께 포함한 권장 매칭
김포,김포,41,경기도,41570,김포시,경기도 김포시,sigungu_only,시군구명 단독 매칭은 중복 지명이 있을 수 있어 필요하면 시도명을 추가로 확인
김포시,김포시,41,경기도,41570,김포시,경기도 김포시,sigungu_only,시군구명 단독 매칭은 중복 지명이 있을 수 있어 필요하면 시도명을 추가로 확인
경기김포,경기김포,41,경기도,41570,김포시,경기도 김포시,area_sigungu,시도명과 시군구명을 함께 포함한 권장 매칭
경기김포시,경기김포시,41,경기도,41570,김포시,경기도 김포시,area_sigungu,시도명과 시군구명을 함께 포함한 권장 매칭
경기도김포,경기도김포,41,경기도,41570,김포시,경기도 김포시,area_sigungu,시도명과 시군구명을 함께 포함한 권장 매칭
경기도김포시,경기도김포시,41,경기도,41570,김포시,경기도 김포시,area_sigungu,시도명과 시군구명을 함께 포함한 권장 매칭
화성,화성,41,경기도,41590,화성시,경기도 화성시,sigungu_only,시군구명 단독 매칭은 중복 지명이 있을 수 있어 필요하면 시도명을 추가로 확인
화성시,화성시,41,경기도,41590,화성시,경기도 화성시,sigungu_only,시군구명 단독 매칭은 중복 지명이 있을 수 있어 필요하면 시도명을 추가로 확인
경기화성,경기화성,41,경기도,41590,화성시,경기도 화성시,area_sigungu,시도명과 시군구명을 함께 포함한 권장 매칭
경기도화성,경기도화성,41,경기도,41590,화성시,경기도 화성시,area_sigungu,시도명과 시군구명을 함께 포함한 권장 매칭
경기화성시,경기화성시,41,경기도,41590,화성시,경기도 화성시,area_sigungu,시도명과 시군구명을 함께 포함한 권장 매칭
경기도화성시,경기도화성시,41,경기도,41590,화성시,경기도 화성시,area_sigungu,시도명과 시군구명을 함께 포함한 권장 매칭
광주,광주,41,경기도,41610,광주시,경기도 광주시,sigungu_only,시군구명 단독 매칭은 중복 지명이 있을 수 있어 필요하면 시도명을 추가로 확인
광주시,광주시,41,경기도,41610,광주시,경기도 광주시,sigungu_only,시군구명 단독 매칭은 중복 지명이 있을 수 있어 필요하면 시도명을 추가로 확인
경기광주,경기광주,41,경기도,41610,광주시,경기도 광주시,area_sigungu,시도명과 시군구명을 함께 포함한 권장 매칭
경기광주시,경기광주시,41,경기도,41610,광주시,경기도 광주시,area_sigungu,시도명과 시군구명을 함께 포함한 권장 매칭
경기도광주,경기도광주,41,경기도,41610,광주시,경기도 광주시,area_sigungu,시도명과 시군구명을 함께 포함한 권장 매칭
경기도광주시,경기도광주시,41,경기도,41610,광주시,경기도 광주시,area_sigungu,시도명과 시군구명을 함께 포함한 권장 매칭
양주,양주,41,경기도,41630,양주시,경기도 양주시,sigungu_only,시군구명 단독 매칭은 중복 지명이 있을 수 있어 필요하면 시도명을 추가로 확인
양주시,양주시,41,경기도,41630,양주시,경기도 양주시,sigungu_only,시군구명 단독 매칭은 중복 지명이 있을 수 있어 필요하면 시도명을 추가로 확인
경기양주,경기양주,41,경기도,41630,양주시,경기도 양주시,area_sigungu,시도명과 시군구명을 함께 포함한 권장 매칭
경기도양주,경기도양주,41,경기도,41630,양주시,경기도 양주시,area_sigungu,시도명과 시군구명을 함께 포함한 권장 매칭
경기양주시,경기양주시,41,경기도,41630,양주시,경기도 양주시,area_sigungu,시도명과 시군구명을 함께 포함한 권장 매칭
경기도양주시,경기도양주시,41,경기도,41630,양주시,경기도 양주시,area_sigungu,시도명과 시군구명을 함께 포함한 권장 매칭
포천,포천,41,경기도,41650,포천시,경기도 포천시,sigungu_only,시군구명 단독 매칭은 중복 지명이 있을 수 있어 필요하면 시도명을 추가로 확인
포천시,포천시,41,경기도,41650,포천시,경기도 포천시,sigungu_only,시군구명 단독 매칭은 중복 지명이 있을 수 있어 필요하면 시도명을 추가로 확인
경기포천,경기포천,41,경기도,41650,포천시,경기도 포천시,area_sigungu,시도명과 시군구명을 함께 포함한 권장 매칭
경기도포천,경기도포천,41,경기도,41650,포천시,경기도 포천시,area_sigungu,시도명과 시군구명을 함께 포함한 권장 매칭
경기포천시,경기포천시,41,경기도,41650,포천시,경기도 포천시,area_sigungu,시도명과 시군구명을 함께 포함한 권장 매칭
경기도포천시,경기도포천시,41,경기도,41650,포천시,경기도 포천시,area_sigungu,시도명과 시군구명을 함께 포함한 권장 매칭
여주,여주,41,경기도,41670,여주시,경기도 여주시,sigungu_only,시군구명 단독 매칭은 중복 지명이 있을 수 있어 필요하면 시도명을 추가로 확인
여주시,여주시,41,경기도,41670,여주시,경기도 여주시,sigungu_only,시군구명 단독 매칭은 중복 지명이 있을 수 있어 필요하면 시도명을 추가로 확인
경기여주,경기여주,41,경기도,41670,여주시,경기도 여주시,area_sigungu,시도명과 시군구명을 함께 포함한 권장 매칭
경기도여주,경기도여주,41,경기도,41670,여주시,경기도 여주시,area_sigungu,시도명과 시군구명을 함께 포함한 권장 매칭
경기여주시,경기여주시,41,경기도,41670,여주시,경기도 여주시,area_sigungu,시도명과 시군구명을 함께 포함한 권장 매칭
경기도여주시,경기도여주시,41,경기도,41670,여주시,경기도 여주시,area_sigungu,시도명과 시군구명을 함께 포함한 권장 매칭
연천,연천,41,경기도,41800,연천군,경기도 연천군,sigungu_only,시군구명 단독 매칭은 중복 지명이 있을 수 있어 필요하면 시도명을 추가로 확인
연천군,연천군,41,경기도,41800,연천군,경기도 연천군,sigungu_only,시군구명 단독 매칭은 중복 지명이 있을 수 있어 필요하면 시도명을 추가로 확인
경기연천,경기연천,41,경기도,41800,연천군,경기도 연천군,area_sigungu,시도명과 시군구명을 함께 포함한 권장 매칭
경기도연천,경기도연천,41,경기도,41800,연천군,경기도 연천군,area_sigungu,시도명과 시군구명을 함께 포함한 권장 매칭
경기연천군,경기연천군,41,경기도,41800,연천군,경기도 연천군,area_sigungu,시도명과 시군구명을 함께 포함한 권장 매칭
경기도연천군,경기도연천군,41,경기도,41800,연천군,경기도 연천군,area_sigungu,시도명과 시군구명을 함께 포함한 권장 매칭
가평,가평,41,경기도,41820,가평군,경기도 가평군,sigungu_only,시군구명 단독 매칭은 중복 지명이 있을 수 있어 필요하면 시도명을 추가로 확인
가평군,가평군,41,경기도,41820,가평군,경기도 가평군,sigungu_only,시군구명 단독 매칭은 중복 지명이 있을 수 있어 필요하면 시도명을 추가로 확인
경기가평,경기가평,41,경기도,41820,가평군,경기도 가평군,area_sigungu,시도명과 시군구명을 함께 포함한 권장 매칭
경기가평군,경기가평군,41,경기도,41820,가평군,경기도 가평군,area_sigungu,시도명과 시군구명을 함께 포함한 권장 매칭
경기도가평,경기도가평,41,경기도,41820,가평군,경기도 가평군,area_sigungu,시도명과 시군구명을 함께 포함한 권장 매칭
경기도가평군,경기도가평군,41,경기도,41820,가평군,경기도 가평군,area_sigungu,시도명과 시군구명을 함께 포함한 권장 매칭
양평,양평,41,경기도,41830,양평군,경기도 양평군,sigungu_only,시군구명 단독 매칭은 중복 지명이 있을 수 있어 필요하면 시도명을 추가로 확인
양평군,양평군,41,경기도,41830,양평군,경기도 양평군,sigungu_only,시군구명 단독 매칭은 중복 지명이 있을 수 있어 필요하면 시도명을 추가로 확인
경기양평,경기양평,41,경기도,41830,양평군,경기도 양평군,area_sigungu,시도명과 시군구명을 함께 포함한 권장 매칭
경기도양평,경기도양평,41,경기도,41830,양평군,경기도 양평군,area_sigungu,시도명과 시군구명을 함께 포함한 권장 매칭
경기양평군,경기양평군,41,경기도,41830,양평군,경기도 양평군,area_sigungu,시도명과 시군구명을 함께 포함한 권장 매칭
경기도양평군,경기도양평군,41,경기도,41830,양평군,경기도 양평군,area_sigungu,시도명과 시군구명을 함께 포함한 권장 매칭
상당,상당,43,충청북도,43111,청주시 상당구,충청북도 청주시 상당구,sigungu_only,시군구명 단독 매칭은 중복 지명이 있을 수 있어 필요하면 시도명을 추가로 확인
상당구,상당구,43,충청북도,43111,청주시 상당구,충청북도 청주시 상당구,sigungu_only,시군구명 단독 매칭은 중복 지명이 있을 수 있어 필요하면 시도명을 추가로 확인
충북상당,충북상당,43,충청북도,43111,청주시 상당구,충청북도 청주시 상당구,area_sigungu,시도명과 시군구명을 함께 포함한 권장 매칭
충북상당구,충북상당구,43,충청북도,43111,청주시 상당구,충청북도 청주시 상당구,area_sigungu,시도명과 시군구명을 함께 포함한 권장 매칭
청주시 상당,청주시상당,43,충청북도,43111,청주시 상당구,충청북도 청주시 상당구,sigungu_only,시군구명 단독 매칭은 중복 지명이 있을 수 있어 필요하면 시도명을 추가로 확인
충청북도상당,충청북도상당,43,충청북도,43111,청주시 상당구,충청북도 청주시 상당구,area_sigungu,시도명과 시군구명을 함께 포함한 권장 매칭
청주시 상당구,청주시상당구,43,충청북도,43111,청주시 상당구,충청북도 청주시 상당구,sigungu_only,시군구명 단독 매칭은 중복 지명이 있을 수 있어 필요하면 시도명을 추가로 확인
충청북도상당구,충청북도상당구,43,충청북도,43111,청주시 상당구,충청북도 청주시 상당구,area_sigungu,시도명과 시군구명을 함께 포함한 권장 매칭
충북청주시 상당,충북청주시상당,43,충청북도,43111,청주시 상당구,충청북도 청주시 상당구,area_sigungu,시도명과 시군구명을 함께 포함한 권장 매칭
충북청주시 상당구,충북청주시상당구,43,충청북도,43111,청주시 상당구,충청북도 청주시 상당구,area_sigungu,시도명과 시군구명을 함께 포함한 권장 매칭
충청북도청주시 상당,충청북도청주시상당,43,충청북도,43111,청주시 상당구,충청북도 청주시 상당구,area_sigungu,시도명과 시군구명을 함께 포함한 권장 매칭
충청북도청주시 상당구,충청북도청주시상당구,43,충청북도,43111,청주시 상당구,충청북도 청주시 상당구,area_sigungu,시도명과 시군구명을 함께 포함한 권장 매칭
서원,서원,43,충청북도,43112,청주시 서원구,충청북도 청주시 서원구,sigungu_only,시군구명 단독 매칭은 중복 지명이 있을 수 있어 필요하면 시도명을 추가로 확인
서원구,서원구,43,충청북도,43112,청주시 서원구,충청북도 청주시 서원구,sigungu_only,시군구명 단독 매칭은 중복 지명이 있을 수 있어 필요하면 시도명을 추가로 확인
충북서원,충북서원,43,충청북도,43112,청주시 서원구,충청북도 청주시 서원구,area_sigungu,시도명과 시군구명을 함께 포함한 권장 매칭
충북서원구,충북서원구,43,충청북도,43112,청주시 서원구,충청북도 청주시 서원구,area_sigungu,시도명과 시군구명을 함께 포함한 권장 매칭
청주시 서원,청주시서원,43,충청북도,43112,청주시 서원구,충청북도 청주시 서원구,sigungu_only,시군구명 단독 매칭은 중복 지명이 있을 수 있어 필요하면 시도명을 추가로 확인
충청북도서원,충청북도서원,43,충청북도,43112,청주시 서원구,충청북도 청주시 서원구,area_sigungu,시도명과 시군구명을 함께 포함한 권장 매칭
청주시 서원구,청주시서원구,43,충청북도,43112,청주시 서원구,충청북도 청주시 서원구,sigungu_only,시군구명 단독 매칭은 중복 지명이 있을 수 있어 필요하면 시도명을 추가로 확인
충청북도서원구,충청북도서원구,43,충청북도,43112,청주시 서원구,충청북도 청주시 서원구,area_sigungu,시도명과 시군구명을 함께 포함한 권장 매칭
충북청주시 서원,충북청주시서원,43,충청북도,43112,청주시 서원구,충청북도 청주시 서원구,area_sigungu,시도명과 시군구명을 함께 포함한 권장 매칭
충북청주시 서원구,충북청주시서원구,43,충청북도,43112,청주시 서원구,충청북도 청주시 서원구,area_sigungu,시도명과 시군구명을 함께 포함한 권장 매칭
충청북도청주시 서원,충청북도청주시서원,43,충청북도,43112,청주시 서원구,충청북도 청주시 서원구,area_sigungu,시도명과 시군구명을 함께 포함한 권장 매칭
충청북도청주시 서원구,충청북도청주시서원구,43,충청북도,43112,청주시 서원구,충청북도 청주시 서원구,area_sigungu,시도명과 시군구명을 함께 포함한 권장 매칭
흥덕,흥덕,43,충청북도,43113,청주시 흥덕구,충청북도 청주시 흥덕구,sigungu_only,시군구명 단독 매칭은 중복 지명이 있을 수 있어 필요하면 시도명을 추가로 확인
흥덕구,흥덕구,43,충청북도,43113,청주시 흥덕구,충청북도 청주시 흥덕구,sigungu_only,시군구명 단독 매칭은 중복 지명이 있을 수 있어 필요하면 시도명을 추가로 확인
충북흥덕,충북흥덕,43,충청북도,43113,청주시 흥덕구,충청북도 청주시 흥덕구,area_sigungu,시도명과 시군구명을 함께 포함한 권장 매칭
충북흥덕구,충북흥덕구,43,충청북도,43113,청주시 흥덕구,충청북도 청주시 흥덕구,area_sigungu,시도명과 시군구명을 함께 포함한 권장 매칭
청주시 흥덕,청주시흥덕,43,충청북도,43113,청주시 흥덕구,충청북도 청주시 흥덕구,sigungu_only,시군구명 단독 매칭은 중복 지명이 있을 수 있어 필요하면 시도명을 추가로 확인
충청북도흥덕,충청북도흥덕,43,충청북도,43113,청주시 흥덕구,충청북도 청주시 흥덕구,area_sigungu,시도명과 시군구명을 함께 포함한 권장 매칭
청주시 흥덕구,청주시흥덕구,43,충청북도,43113,청주시 흥덕구,충청북도 청주시 흥덕구,sigungu_only,시군구명 단독 매칭은 중복 지명이 있을 수 있어 필요하면 시도명을 추가로 확인
충청북도흥덕구,충청북도흥덕구,43,충청북도,43113,청주시 흥덕구,충청북도 청주시 흥덕구,area_sigungu,시도명과 시군구명을 함께 포함한 권장 매칭
충북청주시 흥덕,충북청주시흥덕,43,충청북도,43113,청주시 흥덕구,충청북도 청주시 흥덕구,area_sigungu,시도명과 시군구명을 함께 포함한 권장 매칭
충북청주시 흥덕구,충북청주시흥덕구,43,충청북도,43113,청주시 흥덕구,충청북도 청주시 흥덕구,area_sigungu,시도명과 시군구명을 함께 포함한 권장 매칭
충청북도청주시 흥덕,충청북도청주시흥덕,43,충청북도,43113,청주시 흥덕구,충청북도 청주시 흥덕구,area_sigungu,시도명과 시군구명을 함께 포함한 권장 매칭
충청북도청주시 흥덕구,충청북도청주시흥덕구,43,충청북도,43113,청주시 흥덕구,충청북도 청주시 흥덕구,area_sigungu,시도명과 시군구명을 함께 포함한 권장 매칭
청원,청원,43,충청북도,43114,청주시 청원구,충청북도 청주시 청원구,sigungu_only,시군구명 단독 매칭은 중복 지명이 있을 수 있어 필요하면 시도명을 추가로 확인
청원구,청원구,43,충청북도,43114,청주시 청원구,충청북도 청주시 청원구,sigungu_only,시군구명 단독 매칭은 중복 지명이 있을 수 있어 필요하면 시도명을 추가로 확인
충북청원,충북청원,43,충청북도,43114,청주시 청원구,충청북도 청주시 청원구,area_sigungu,시도명과 시군구명을 함께 포함한 권장 매칭
충북청원구,충북청원구,43,충청북도,43114,청주시 청원구,충청북도 청주시 청원구,area_sigungu,시도명과 시군구명을 함께 포함한 권장 매칭
청주시 청원,청주시청원,43,충청북도,43114,청주시 청원구,충청북도 청주시 청원구,sigungu_only,시군구명 단독 매칭은 중복 지명이 있을 수 있어 필요하면 시도명을 추가로 확인
충청북도청원,충청북도청원,43,충청북도,43114,청주시 청원구,충청북도 청주시 청원구,area_sigungu,시도명과 시군구명을 함께 포함한 권장 매칭
청주시 청원구,청주시청원구,43,충청북도,43114,청주시 청원구,충청북도 청주시 청원구,sigungu_only,시군구명 단독 매칭은 중복 지명이 있을 수 있어 필요하면 시도명을 추가로 확인
충청북도청원구,충청북도청원구,43,충청북도,43114,청주시 청원구,충청북도 청주시 청원구,area_sigungu,시도명과 시군구명을 함께 포함한 권장 매칭
충북청주시 청원,충북청주시청원,43,충청북도,43114,청주시 청원구,충청북도 청주시 청원구,area_sigungu,시도명과 시군구명을 함께 포함한 권장 매칭
충북청주시 청원구,충북청주시청원구,43,충청북도,43114,청주시 청원구,충청북도 청주시 청원구,area_sigungu,시도명과 시군구명을 함께 포함한 권장 매칭
충청북도청주시 청원,충청북도청주시청원,43,충청북도,43114,청주시 청원구,충청북도 청주시 청원구,area_sigungu,시도명과 시군구명을 함께 포함한 권장 매칭
충청북도청주시 청원구,충청북도청주시청원구,43,충청북도,43114,청주시 청원구,충청북도 청주시 청원구,area_sigungu,시도명과 시군구명을 함께 포함한 권장 매칭
충주,충주,43,충청북도,43130,충주시,충청북도 충주시,sigungu_only,시군구명 단독 매칭은 중복 지명이 있을 수 있어 필요하면 시도명을 추가로 확인
충주시,충주시,43,충청북도,43130,충주시,충청북도 충주시,sigungu_only,시군구명 단독 매칭은 중복 지명이 있을 수 있어 필요하면 시도명을 추가로 확인
충북충주,충북충주,43,충청북도,43130,충주시,충청북도 충주시,area_sigungu,시도명과 시군구명을 함께 포함한 권장 매칭
충북충주시,충북충주시,43,충청북도,43130,충주시,충청북도 충주시,area_sigungu,시도명과 시군구명을 함께 포함한 권장 매칭
충청북도충주,충청북도충주,43,충청북도,43130,충주시,충청북도 충주시,area_sigungu,시도명과 시군구명을 함께 포함한 권장 매칭
충청북도충주시,충청북도충주시,43,충청북도,43130,충주시,충청북도 충주시,area_sigungu,시도명과 시군구명을 함께 포함한 권장 매칭
제천,제천,43,충청북도,43150,제천시,충청북도 제천시,sigungu_only,시군구명 단독 매칭은 중복 지명이 있을 수 있어 필요하면 시도명을 추가로 확인
제천시,제천시,43,충청북도,43150,제천시,충청북도 제천시,sigungu_only,시군구명 단독 매칭은 중복 지명이 있을 수 있어 필요하면 시도명을 추가로 확인
충북제천,충북제천,43,충청북도,43150,제천시,충청북도 제천시,area_sigungu,시도명과 시군구명을 함께 포함한 권장 매칭
충북제천시,충북제천시,43,충청북도,43150,제천시,충청북도 제천시,area_sigungu,시도명과 시군구명을 함께 포함한 권장 매칭
충청북도제천,충청북도제천,43,충청북도,43150,제천시,충청북도 제천시,area_sigungu,시도명과 시군구명을 함께 포함한 권장 매칭
충청북도제천시,충청북도제천시,43,충청북도,43150,제천시,충청북도 제천시,area_sigungu,시도명과 시군구명을 함께 포함한 권장 매칭
보은,보은,43,충청북도,43720,보은군,충청북도 보은군,sigungu_only,시군구명 단독 매칭은 중복 지명이 있을 수 있어 필요하면 시도명을 추가로 확인
보은군,보은군,43,충청북도,43720,보은군,충청북도 보은군,sigungu_only,시군구명 단독 매칭은 중복 지명이 있을 수 있어 필요하면 시도명을 추가로 확인
충북보은,충북보은,43,충청북도,43720,보은군,충청북도 보은군,area_sigungu,시도명과 시군구명을 함께 포함한 권장 매칭
충북보은군,충북보은군,43,충청북도,43720,보은군,충청북도 보은군,area_sigungu,시도명과 시군구명을 함께 포함한 권장 매칭
충청북도보은,충청북도보은,43,충청북도,43720,보은군,충청북도 보은군,area_sigungu,시도명과 시군구명을 함께 포함한 권장 매칭
충청북도보은군,충청북도보은군,43,충청북도,43720,보은군,충청북도 보은군,area_sigungu,시도명과 시군구명을 함께 포함한 권장 매칭
옥천,옥천,43,충청북도,43730,옥천군,충청북도 옥천군,sigungu_only,시군구명 단독 매칭은 중복 지명이 있을 수 있어 필요하면 시도명을 추가로 확인
옥천군,옥천군,43,충청북도,43730,옥천군,충청북도 옥천군,sigungu_only,시군구명 단독 매칭은 중복 지명이 있을 수 있어 필요하면 시도명을 추가로 확인
충북옥천,충북옥천,43,충청북도,43730,옥천군,충청북도 옥천군,area_sigungu,시도명과 시군구명을 함께 포함한 권장 매칭
충북옥천군,충북옥천군,43,충청북도,43730,옥천군,충청북도 옥천군,area_sigungu,시도명과 시군구명을 함께 포함한 권장 매칭
충청북도옥천,충청북도옥천,43,충청북도,43730,옥천군,충청북도 옥천군,area_sigungu,시도명과 시군구명을 함께 포함한 권장 매칭
충청북도옥천군,충청북도옥천군,43,충청북도,43730,옥천군,충청북도 옥천군,area_sigungu,시도명과 시군구명을 함께 포함한 권장 매칭
영동,영동,43,충청북도,43740,영동군,충청북도 영동군,sigungu_only,시군구명 단독 매칭은 중복 지명이 있을 수 있어 필요하면 시도명을 추가로 확인
영동군,영동군,43,충청북도,43740,영동군,충청북도 영동군,sigungu_only,시군구명 단독 매칭은 중복 지명이 있을 수 있어 필요하면 시도명을 추가로 확인
충북영동,충북영동,43,충청북도,43740,영동군,충청북도 영동군,area_sigungu,시도명과 시군구명을 함께 포함한 권장 매칭
충북영동군,충북영동군,43,충청북도,43740,영동군,충청북도 영동군,area_sigungu,시도명과 시군구명을 함께 포함한 권장 매칭
충청북도영동,충청북도영동,43,충청북도,43740,영동군,충청북도 영동군,area_sigungu,시도명과 시군구명을 함께 포함한 권장 매칭
충청북도영동군,충청북도영동군,43,충청북도,43740,영동군,충청북도 영동군,area_sigungu,시도명과 시군구명을 함께 포함한 권장 매칭
증평,증평,43,충청북도,43745,증평군,충청북도 증평군,sigungu_only,시군구명 단독 매칭은 중복 지명이 있을 수 있어 필요하면 시도명을 추가로 확인
증평군,증평군,43,충청북도,43745,증평군,충청북도 증평군,sigungu_only,시군구명 단독 매칭은 중복 지명이 있을 수 있어 필요하면 시도명을 추가로 확인
충북증평,충북증평,43,충청북도,43745,증평군,충청북도 증평군,area_sigungu,시도명과 시군구명을 함께 포함한 권장 매칭
충북증평군,충북증평군,43,충청북도,43745,증평군,충청북도 증평군,area_sigungu,시도명과 시군구명을 함께 포함한 권장 매칭
충청북도증평,충청북도증평,43,충청북도,43745,증평군,충청북도 증평군,area_sigungu,시도명과 시군구명을 함께 포함한 권장 매칭
충청북도증평군,충청북도증평군,43,충청북도,43745,증평군,충청북도 증평군,area_sigungu,시도명과 시군구명을 함께 포함한 권장 매칭
진천,진천,43,충청북도,43750,진천군,충청북도 진천군,sigungu_only,시군구명 단독 매칭은 중복 지명이 있을 수 있어 필요하면 시도명을 추가로 확인
진천군,진천군,43,충청북도,43750,진천군,충청북도 진천군,sigungu_only,시군구명 단독 매칭은 중복 지명이 있을 수 있어 필요하면 시도명을 추가로 확인
충북진천,충북진천,43,충청북도,43750,진천군,충청북도 진천군,area_sigungu,시도명과 시군구명을 함께 포함한 권장 매칭
충북진천군,충북진천군,43,충청북도,43750,진천군,충청북도 진천군,area_sigungu,시도명과 시군구명을 함께 포함한 권장 매칭
충청북도진천,충청북도진천,43,충청북도,43750,진천군,충청북도 진천군,area_sigungu,시도명과 시군구명을 함께 포함한 권장 매칭
충청북도진천군,충청북도진천군,43,충청북도,43750,진천군,충청북도 진천군,area_sigungu,시도명과 시군구명을 함께 포함한 권장 매칭
괴산,괴산,43,충청북도,43760,괴산군,충청북도 괴산군,sigungu_only,시군구명 단독 매칭은 중복 지명이 있을 수 있어 필요하면 시도명을 추가로 확인
괴산군,괴산군,43,충청북도,43760,괴산군,충청북도 괴산군,sigungu_only,시군구명 단독 매칭은 중복 지명이 있을 수 있어 필요하면 시도명을 추가로 확인
충북괴산,충북괴산,43,충청북도,43760,괴산군,충청북도 괴산군,area_sigungu,시도명과 시군구명을 함께 포함한 권장 매칭
충북괴산군,충북괴산군,43,충청북도,43760,괴산군,충청북도 괴산군,area_sigungu,시도명과 시군구명을 함께 포함한 권장 매칭
충청북도괴산,충청북도괴산,43,충청북도,43760,괴산군,충청북도 괴산군,area_sigungu,시도명과 시군구명을 함께 포함한 권장 매칭
충청북도괴산군,충청북도괴산군,43,충청북도,43760,괴산군,충청북도 괴산군,area_sigungu,시도명과 시군구명을 함께 포함한 권장 매칭
음성,음성,43,충청북도,43770,음성군,충청북도 음성군,sigungu_only,시군구명 단독 매칭은 중복 지명이 있을 수 있어 필요하면 시도명을 추가로 확인
음성군,음성군,43,충청북도,43770,음성군,충청북도 음성군,sigungu_only,시군구명 단독 매칭은 중복 지명이 있을 수 있어 필요하면 시도명을 추가로 확인
충북음성,충북음성,43,충청북도,43770,음성군,충청북도 음성군,area_sigungu,시도명과 시군구명을 함께 포함한 권장 매칭
충북음성군,충북음성군,43,충청북도,43770,음성군,충청북도 음성군,area_sigungu,시도명과 시군구명을 함께 포함한 권장 매칭
충청북도음성,충청북도음성,43,충청북도,43770,음성군,충청북도 음성군,area_sigungu,시도명과 시군구명을 함께 포함한 권장 매칭
충청북도음성군,충청북도음성군,43,충청북도,43770,음성군,충청북도 음성군,area_sigungu,시도명과 시군구명을 함께 포함한 권장 매칭
단양,단양,43,충청북도,43800,단양군,충청북도 단양군,sigungu_only,시군구명 단독 매칭은 중복 지명이 있을 수 있어 필요하면 시도명을 추가로 확인
단양군,단양군,43,충청북도,43800,단양군,충청북도 단양군,sigungu_only,시군구명 단독 매칭은 중복 지명이 있을 수 있어 필요하면 시도명을 추가로 확인
충북단양,충북단양,43,충청북도,43800,단양군,충청북도 단양군,area_sigungu,시도명과 시군구명을 함께 포함한 권장 매칭
충북단양군,충북단양군,43,충청북도,43800,단양군,충청북도 단양군,area_sigungu,시도명과 시군구명을 함께 포함한 권장 매칭
충청북도단양,충청북도단양,43,충청북도,43800,단양군,충청북도 단양군,area_sigungu,시도명과 시군구명을 함께 포함한 권장 매칭
충청북도단양군,충청북도단양군,43,충청북도,43800,단양군,충청북도 단양군,area_sigungu,시도명과 시군구명을 함께 포함한 권장 매칭
동남,동남,44,충청남도,44131,천안시 동남구,충청남도 천안시 동남구,sigungu_only,시군구명 단독 매칭은 중복 지명이 있을 수 있어 필요하면 시도명을 추가로 확인
동남구,동남구,44,충청남도,44131,천안시 동남구,충청남도 천안시 동남구,sigungu_only,시군구명 단독 매칭은 중복 지명이 있을 수 있어 필요하면 시도명을 추가로 확인
충남동남,충남동남,44,충청남도,44131,천안시 동남구,충청남도 천안시 동남구,area_sigungu,시도명과 시군구명을 함께 포함한 권장 매칭
충남동남구,충남동남구,44,충청남도,44131,천안시 동남구,충청남도 천안시 동남구,area_sigungu,시도명과 시군구명을 함께 포함한 권장 매칭
천안시 동남,천안시동남,44,충청남도,44131,천안시 동남구,충청남도 천안시 동남구,sigungu_only,시군구명 단독 매칭은 중복 지명이 있을 수 있어 필요하면 시도명을 추가로 확인
충청남도동남,충청남도동남,44,충청남도,44131,천안시 동남구,충청남도 천안시 동남구,area_sigungu,시도명과 시군구명을 함께 포함한 권장 매칭
천안시 동남구,천안시동남구,44,충청남도,44131,천안시 동남구,충청남도 천안시 동남구,sigungu_only,시군구명 단독 매칭은 중복 지명이 있을 수 있어 필요하면 시도명을 추가로 확인
충청남도동남구,충청남도동남구,44,충청남도,44131,천안시 동남구,충청남도 천안시 동남구,area_sigungu,시도명과 시군구명을 함께 포함한 권장 매칭
충남천안시 동남,충남천안시동남,44,충청남도,44131,천안시 동남구,충청남도 천안시 동남구,area_sigungu,시도명과 시군구명을 함께 포함한 권장 매칭
충남천안시 동남구,충남천안시동남구,44,충청남도,44131,천안시 동남구,충청남도 천안시 동남구,area_sigungu,시도명과 시군구명을 함께 포함한 권장 매칭
충청남도천안시 동남,충청남도천안시동남,44,충청남도,44131,천안시 동남구,충청남도 천안시 동남구,area_sigungu,시도명과 시군구명을 함께 포함한 권장 매칭
충청남도천안시 동남구,충청남도천안시동남구,44,충청남도,44131,천안시 동남구,충청남도 천안시 동남구,area_sigungu,시도명과 시군구명을 함께 포함한 권장 매칭
서북,서북,44,충청남도,44133,천안시 서북구,충청남도 천안시 서북구,sigungu_only,시군구명 단독 매칭은 중복 지명이 있을 수 있어 필요하면 시도명을 추가로 확인
서북구,서북구,44,충청남도,44133,천안시 서북구,충청남도 천안시 서북구,sigungu_only,시군구명 단독 매칭은 중복 지명이 있을 수 있어 필요하면 시도명을 추가로 확인
충남서북,충남서북,44,충청남도,44133,천안시 서북구,충청남도 천안시 서북구,area_sigungu,시도명과 시군구명을 함께 포함한 권장 매칭
충남서북구,충남서북구,44,충청남도,44133,천안시 서북구,충청남도 천안시 서북구,area_sigungu,시도명과 시군구명을 함께 포함한 권장 매칭
천안시 서북,천안시서북,44,충청남도,44133,천안시 서북구,충청남도 천안시 서북구,sigungu_only,시군구명 단독 매칭은 중복 지명이 있을 수 있어 필요하면 시도명을 추가로 확인
충청남도서북,충청남도서북,44,충청남도,44133,천안시 서북구,충청남도 천안시 서북구,area_sigungu,시도명과 시군구명을 함께 포함한 권장 매칭
천안시 서북구,천안시서북구,44,충청남도,44133,천안시 서북구,충청남도 천안시 서북구,sigungu_only,시군구명 단독 매칭은 중복 지명이 있을 수 있어 필요하면 시도명을 추가로 확인
충청남도서북구,충청남도서북구,44,충청남도,44133,천안시 서북구,충청남도 천안시 서북구,area_sigungu,시도명과 시군구명을 함께 포함한 권장 매칭
충남천안시 서북,충남천안시서북,44,충청남도,44133,천안시 서북구,충청남도 천안시 서북구,area_sigungu,시도명과 시군구명을 함께 포함한 권장 매칭
충남천안시 서북구,충남천안시서북구,44,충청남도,44133,천안시 서북구,충청남도 천안시 서북구,area_sigungu,시도명과 시군구명을 함께 포함한 권장 매칭
충청남도천안시 서북,충청남도천안시서북,44,충청남도,44133,천안시 서북구,충청남도 천안시 서북구,area_sigungu,시도명과 시군구명을 함께 포함한 권장 매칭
충청남도천안시 서북구,충청남도천안시서북구,44,충청남도,44133,천안시 서북구,충청남도 천안시 서북구,area_sigungu,시도명과 시군구명을 함께 포함한 권장 매칭
공주,공주,44,충청남도,44150,공주시,충청남도 공주시,sigungu_only,시군구명 단독 매칭은 중복 지명이 있을 수 있어 필요하면 시도명을 추가로 확인
공주시,공주시,44,충청남도,44150,공주시,충청남도 공주시,sigungu_only,시군구명 단독 매칭은 중복 지명이 있을 수 있어 필요하면 시도명을 추가로 확인
충남공주,충남공주,44,충청남도,44150,공주시,충청남도 공주시,area_sigungu,시도명과 시군구명을 함께 포함한 권장 매칭
충남공주시,충남공주시,44,충청남도,44150,공주시,충청남도 공주시,area_sigungu,시도명과 시군구명을 함께 포함한 권장 매칭
충청남도공주,충청남도공주,44,충청남도,44150,공주시,충청남도 공주시,area_sigungu,시도명과 시군구명을 함께 포함한 권장 매칭
충청남도공주시,충청남도공주시,44,충청남도,44150,공주시,충청남도 공주시,area_sigungu,시도명과 시군구명을 함께 포함한 권장 매칭
보령,보령,44,충청남도,44180,보령시,충청남도 보령시,sigungu_only,시군구명 단독 매칭은 중복 지명이 있을 수 있어 필요하면 시도명을 추가로 확인
보령시,보령시,44,충청남도,44180,보령시,충청남도 보령시,sigungu_only,시군구명 단독 매칭은 중복 지명이 있을 수 있어 필요하면 시도명을 추가로 확인
충남보령,충남보령,44,충청남도,44180,보령시,충청남도 보령시,area_sigungu,시도명과 시군구명을 함께 포함한 권장 매칭
충남보령시,충남보령시,44,충청남도,44180,보령시,충청남도 보령시,area_sigungu,시도명과 시군구명을 함께 포함한 권장 매칭
충청남도보령,충청남도보령,44,충청남도,44180,보령시,충청남도 보령시,area_sigungu,시도명과 시군구명을 함께 포함한 권장 매칭
충청남도보령시,충청남도보령시,44,충청남도,44180,보령시,충청남도 보령시,area_sigungu,시도명과 시군구명을 함께 포함한 권장 매칭
아산,아산,44,충청남도,44200,아산시,충청남도 아산시,sigungu_only,시군구명 단독 매칭은 중복 지명이 있을 수 있어 필요하면 시도명을 추가로 확인
아산시,아산시,44,충청남도,44200,아산시,충청남도 아산시,sigungu_only,시군구명 단독 매칭은 중복 지명이 있을 수 있어 필요하면 시도명을 추가로 확인
충남아산,충남아산,44,충청남도,44200,아산시,충청남도 아산시,area_sigungu,시도명과 시군구명을 함께 포함한 권장 매칭
충남아산시,충남아산시,44,충청남도,44200,아산시,충청남도 아산시,area_sigungu,시도명과 시군구명을 함께 포함한 권장 매칭
충청남도아산,충청남도아산,44,충청남도,44200,아산시,충청남도 아산시,area_sigungu,시도명과 시군구명을 함께 포함한 권장 매칭
충청남도아산시,충청남도아산시,44,충청남도,44200,아산시,충청남도 아산시,area_sigungu,시도명과 시군구명을 함께 포함한 권장 매칭
서산,서산,44,충청남도,44210,서산시,충청남도 서산시,sigungu_only,시군구명 단독 매칭은 중복 지명이 있을 수 있어 필요하면 시도명을 추가로 확인
서산시,서산시,44,충청남도,44210,서산시,충청남도 서산시,sigungu_only,시군구명 단독 매칭은 중복 지명이 있을 수 있어 필요하면 시도명을 추가로 확인
충남서산,충남서산,44,충청남도,44210,서산시,충청남도 서산시,area_sigungu,시도명과 시군구명을 함께 포함한 권장 매칭
충남서산시,충남서산시,44,충청남도,44210,서산시,충청남도 서산시,area_sigungu,시도명과 시군구명을 함께 포함한 권장 매칭
충청남도서산,충청남도서산,44,충청남도,44210,서산시,충청남도 서산시,area_sigungu,시도명과 시군구명을 함께 포함한 권장 매칭
충청남도서산시,충청남도서산시,44,충청남도,44210,서산시,충청남도 서산시,area_sigungu,시도명과 시군구명을 함께 포함한 권장 매칭
논산,논산,44,충청남도,44230,논산시,충청남도 논산시,sigungu_only,시군구명 단독 매칭은 중복 지명이 있을 수 있어 필요하면 시도명을 추가로 확인
논산시,논산시,44,충청남도,44230,논산시,충청남도 논산시,sigungu_only,시군구명 단독 매칭은 중복 지명이 있을 수 있어 필요하면 시도명을 추가로 확인
충남논산,충남논산,44,충청남도,44230,논산시,충청남도 논산시,area_sigungu,시도명과 시군구명을 함께 포함한 권장 매칭
충남논산시,충남논산시,44,충청남도,44230,논산시,충청남도 논산시,area_sigungu,시도명과 시군구명을 함께 포함한 권장 매칭
충청남도논산,충청남도논산,44,충청남도,44230,논산시,충청남도 논산시,area_sigungu,시도명과 시군구명을 함께 포함한 권장 매칭
충청남도논산시,충청남도논산시,44,충청남도,44230,논산시,충청남도 논산시,area_sigungu,시도명과 시군구명을 함께 포함한 권장 매칭
계룡,계룡,44,충청남도,44250,계룡시,충청남도 계룡시,sigungu_only,시군구명 단독 매칭은 중복 지명이 있을 수 있어 필요하면 시도명을 추가로 확인
계룡시,계룡시,44,충청남도,44250,계룡시,충청남도 계룡시,sigungu_only,시군구명 단독 매칭은 중복 지명이 있을 수 있어 필요하면 시도명을 추가로 확인
충남계룡,충남계룡,44,충청남도,44250,계룡시,충청남도 계룡시,area_sigungu,시도명과 시군구명을 함께 포함한 권장 매칭
충남계룡시,충남계룡시,44,충청남도,44250,계룡시,충청남도 계룡시,area_sigungu,시도명과 시군구명을 함께 포함한 권장 매칭
충청남도계룡,충청남도계룡,44,충청남도,44250,계룡시,충청남도 계룡시,area_sigungu,시도명과 시군구명을 함께 포함한 권장 매칭
충청남도계룡시,충청남도계룡시,44,충청남도,44250,계룡시,충청남도 계룡시,area_sigungu,시도명과 시군구명을 함께 포함한 권장 매칭
당진,당진,44,충청남도,44270,당진시,충청남도 당진시,sigungu_only,시군구명 단독 매칭은 중복 지명이 있을 수 있어 필요하면 시도명을 추가로 확인
당진시,당진시,44,충청남도,44270,당진시,충청남도 당진시,sigungu_only,시군구명 단독 매칭은 중복 지명이 있을 수 있어 필요하면 시도명을 추가로 확인
충남당진,충남당진,44,충청남도,44270,당진시,충청남도 당진시,area_sigungu,시도명과 시군구명을 함께 포함한 권장 매칭
충남당진시,충남당진시,44,충청남도,44270,당진시,충청남도 당진시,area_sigungu,시도명과 시군구명을 함께 포함한 권장 매칭
충청남도당진,충청남도당진,44,충청남도,44270,당진시,충청남도 당진시,area_sigungu,시도명과 시군구명을 함께 포함한 권장 매칭
충청남도당진시,충청남도당진시,44,충청남도,44270,당진시,충청남도 당진시,area_sigungu,시도명과 시군구명을 함께 포함한 권장 매칭
금산,금산,44,충청남도,44710,금산군,충청남도 금산군,sigungu_only,시군구명 단독 매칭은 중복 지명이 있을 수 있어 필요하면 시도명을 추가로 확인
금산군,금산군,44,충청남도,44710,금산군,충청남도 금산군,sigungu_only,시군구명 단독 매칭은 중복 지명이 있을 수 있어 필요하면 시도명을 추가로 확인
충남금산,충남금산,44,충청남도,44710,금산군,충청남도 금산군,area_sigungu,시도명과 시군구명을 함께 포함한 권장 매칭
충남금산군,충남금산군,44,충청남도,44710,금산군,충청남도 금산군,area_sigungu,시도명과 시군구명을 함께 포함한 권장 매칭
충청남도금산,충청남도금산,44,충청남도,44710,금산군,충청남도 금산군,area_sigungu,시도명과 시군구명을 함께 포함한 권장 매칭
충청남도금산군,충청남도금산군,44,충청남도,44710,금산군,충청남도 금산군,area_sigungu,시도명과 시군구명을 함께 포함한 권장 매칭
부여,부여,44,충청남도,44760,부여군,충청남도 부여군,sigungu_only,시군구명 단독 매칭은 중복 지명이 있을 수 있어 필요하면 시도명을 추가로 확인
부여군,부여군,44,충청남도,44760,부여군,충청남도 부여군,sigungu_only,시군구명 단독 매칭은 중복 지명이 있을 수 있어 필요하면 시도명을 추가로 확인
충남부여,충남부여,44,충청남도,44760,부여군,충청남도 부여군,area_sigungu,시도명과 시군구명을 함께 포함한 권장 매칭
충남부여군,충남부여군,44,충청남도,44760,부여군,충청남도 부여군,area_sigungu,시도명과 시군구명을 함께 포함한 권장 매칭
충청남도부여,충청남도부여,44,충청남도,44760,부여군,충청남도 부여군,area_sigungu,시도명과 시군구명을 함께 포함한 권장 매칭
충청남도부여군,충청남도부여군,44,충청남도,44760,부여군,충청남도 부여군,area_sigungu,시도명과 시군구명을 함께 포함한 권장 매칭
서천,서천,44,충청남도,44770,서천군,충청남도 서천군,sigungu_only,시군구명 단독 매칭은 중복 지명이 있을 수 있어 필요하면 시도명을 추가로 확인
서천군,서천군,44,충청남도,44770,서천군,충청남도 서천군,sigungu_only,시군구명 단독 매칭은 중복 지명이 있을 수 있어 필요하면 시도명을 추가로 확인
충남서천,충남서천,44,충청남도,44770,서천군,충청남도 서천군,area_sigungu,시도명과 시군구명을 함께 포함한 권장 매칭
충남서천군,충남서천군,44,충청남도,44770,서천군,충청남도 서천군,area_sigungu,시도명과 시군구명을 함께 포함한 권장 매칭
충청남도서천,충청남도서천,44,충청남도,44770,서천군,충청남도 서천군,area_sigungu,시도명과 시군구명을 함께 포함한 권장 매칭
충청남도서천군,충청남도서천군,44,충청남도,44770,서천군,충청남도 서천군,area_sigungu,시도명과 시군구명을 함께 포함한 권장 매칭
청양,청양,44,충청남도,44790,청양군,충청남도 청양군,sigungu_only,시군구명 단독 매칭은 중복 지명이 있을 수 있어 필요하면 시도명을 추가로 확인
청양군,청양군,44,충청남도,44790,청양군,충청남도 청양군,sigungu_only,시군구명 단독 매칭은 중복 지명이 있을 수 있어 필요하면 시도명을 추가로 확인
충남청양,충남청양,44,충청남도,44790,청양군,충청남도 청양군,area_sigungu,시도명과 시군구명을 함께 포함한 권장 매칭
충남청양군,충남청양군,44,충청남도,44790,청양군,충청남도 청양군,area_sigungu,시도명과 시군구명을 함께 포함한 권장 매칭
충청남도청양,충청남도청양,44,충청남도,44790,청양군,충청남도 청양군,area_sigungu,시도명과 시군구명을 함께 포함한 권장 매칭
충청남도청양군,충청남도청양군,44,충청남도,44790,청양군,충청남도 청양군,area_sigungu,시도명과 시군구명을 함께 포함한 권장 매칭
홍성,홍성,44,충청남도,44800,홍성군,충청남도 홍성군,sigungu_only,시군구명 단독 매칭은 중복 지명이 있을 수 있어 필요하면 시도명을 추가로 확인
홍성군,홍성군,44,충청남도,44800,홍성군,충청남도 홍성군,sigungu_only,시군구명 단독 매칭은 중복 지명이 있을 수 있어 필요하면 시도명을 추가로 확인
충남홍성,충남홍성,44,충청남도,44800,홍성군,충청남도 홍성군,area_sigungu,시도명과 시군구명을 함께 포함한 권장 매칭
충남홍성군,충남홍성군,44,충청남도,44800,홍성군,충청남도 홍성군,area_sigungu,시도명과 시군구명을 함께 포함한 권장 매칭
충청남도홍성,충청남도홍성,44,충청남도,44800,홍성군,충청남도 홍성군,area_sigungu,시도명과 시군구명을 함께 포함한 권장 매칭
충청남도홍성군,충청남도홍성군,44,충청남도,44800,홍성군,충청남도 홍성군,area_sigungu,시도명과 시군구명을 함께 포함한 권장 매칭
예산,예산,44,충청남도,44810,예산군,충청남도 예산군,sigungu_only,시군구명 단독 매칭은 중복 지명이 있을 수 있어 필요하면 시도명을 추가로 확인
예산군,예산군,44,충청남도,44810,예산군,충청남도 예산군,sigungu_only,시군구명 단독 매칭은 중복 지명이 있을 수 있어 필요하면 시도명을 추가로 확인
충남예산,충남예산,44,충청남도,44810,예산군,충청남도 예산군,area_sigungu,시도명과 시군구명을 함께 포함한 권장 매칭
충남예산군,충남예산군,44,충청남도,44810,예산군,충청남도 예산군,area_sigungu,시도명과 시군구명을 함께 포함한 권장 매칭
충청남도예산,충청남도예산,44,충청남도,44810,예산군,충청남도 예산군,area_sigungu,시도명과 시군구명을 함께 포함한 권장 매칭
충청남도예산군,충청남도예산군,44,충청남도,44810,예산군,충청남도 예산군,area_sigungu,시도명과 시군구명을 함께 포함한 권장 매칭
태안,태안,44,충청남도,44825,태안군,충청남도 태안군,sigungu_only,시군구명 단독 매칭은 중복 지명이 있을 수 있어 필요하면 시도명을 추가로 확인
태안군,태안군,44,충청남도,44825,태안군,충청남도 태안군,sigungu_only,시군구명 단독 매칭은 중복 지명이 있을 수 있어 필요하면 시도명을 추가로 확인
충남태안,충남태안,44,충청남도,44825,태안군,충청남도 태안군,area_sigungu,시도명과 시군구명을 함께 포함한 권장 매칭
충남태안군,충남태안군,44,충청남도,44825,태안군,충청남도 태안군,area_sigungu,시도명과 시군구명을 함께 포함한 권장 매칭
충청남도태안,충청남도태안,44,충청남도,44825,태안군,충청남도 태안군,area_sigungu,시도명과 시군구명을 함께 포함한 권장 매칭
충청남도태안군,충청남도태안군,44,충청남도,44825,태안군,충청남도 태안군,area_sigungu,시도명과 시군구명을 함께 포함한 권장 매칭
목포,목포,46,전라남도,46110,목포시,전라남도 목포시,sigungu_only,시군구명 단독 매칭은 중복 지명이 있을 수 있어 필요하면 시도명을 추가로 확인
목포시,목포시,46,전라남도,46110,목포시,전라남도 목포시,sigungu_only,시군구명 단독 매칭은 중복 지명이 있을 수 있어 필요하면 시도명을 추가로 확인
전남목포,전남목포,46,전라남도,46110,목포시,전라남도 목포시,area_sigungu,시도명과 시군구명을 함께 포함한 권장 매칭
전남목포시,전남목포시,46,전라남도,46110,목포시,전라남도 목포시,area_sigungu,시도명과 시군구명을 함께 포함한 권장 매칭
전라남도목포,전라남도목포,46,전라남도,46110,목포시,전라남도 목포시,area_sigungu,시도명과 시군구명을 함께 포함한 권장 매칭
전라남도목포시,전라남도목포시,46,전라남도,46110,목포시,전라남도 목포시,area_sigungu,시도명과 시군구명을 함께 포함한 권장 매칭
여수,여수,46,전라남도,46130,여수시,전라남도 여수시,sigungu_only,시군구명 단독 매칭은 중복 지명이 있을 수 있어 필요하면 시도명을 추가로 확인
여수시,여수시,46,전라남도,46130,여수시,전라남도 여수시,sigungu_only,시군구명 단독 매칭은 중복 지명이 있을 수 있어 필요하면 시도명을 추가로 확인
전남여수,전남여수,46,전라남도,46130,여수시,전라남도 여수시,area_sigungu,시도명과 시군구명을 함께 포함한 권장 매칭
전남여수시,전남여수시,46,전라남도,46130,여수시,전라남도 여수시,area_sigungu,시도명과 시군구명을 함께 포함한 권장 매칭
전라남도여수,전라남도여수,46,전라남도,46130,여수시,전라남도 여수시,area_sigungu,시도명과 시군구명을 함께 포함한 권장 매칭
전라남도여수시,전라남도여수시,46,전라남도,46130,여수시,전라남도 여수시,area_sigungu,시도명과 시군구명을 함께 포함한 권장 매칭
순천,순천,46,전라남도,46150,순천시,전라남도 순천시,sigungu_only,시군구명 단독 매칭은 중복 지명이 있을 수 있어 필요하면 시도명을 추가로 확인
순천시,순천시,46,전라남도,46150,순천시,전라남도 순천시,sigungu_only,시군구명 단독 매칭은 중복 지명이 있을 수 있어 필요하면 시도명을 추가로 확인
전남순천,전남순천,46,전라남도,46150,순천시,전라남도 순천시,area_sigungu,시도명과 시군구명을 함께 포함한 권장 매칭
전남순천시,전남순천시,46,전라남도,46150,순천시,전라남도 순천시,area_sigungu,시도명과 시군구명을 함께 포함한 권장 매칭
전라남도순천,전라남도순천,46,전라남도,46150,순천시,전라남도 순천시,area_sigungu,시도명과 시군구명을 함께 포함한 권장 매칭
전라남도순천시,전라남도순천시,46,전라남도,46150,순천시,전라남도 순천시,area_sigungu,시도명과 시군구명을 함께 포함한 권장 매칭
나주,나주,46,전라남도,46170,나주시,전라남도 나주시,sigungu_only,시군구명 단독 매칭은 중복 지명이 있을 수 있어 필요하면 시도명을 추가로 확인
나주시,나주시,46,전라남도,46170,나주시,전라남도 나주시,sigungu_only,시군구명 단독 매칭은 중복 지명이 있을 수 있어 필요하면 시도명을 추가로 확인
전남나주,전남나주,46,전라남도,46170,나주시,전라남도 나주시,area_sigungu,시도명과 시군구명을 함께 포함한 권장 매칭
전남나주시,전남나주시,46,전라남도,46170,나주시,전라남도 나주시,area_sigungu,시도명과 시군구명을 함께 포함한 권장 매칭
전라남도나주,전라남도나주,46,전라남도,46170,나주시,전라남도 나주시,area_sigungu,시도명과 시군구명을 함께 포함한 권장 매칭
전라남도나주시,전라남도나주시,46,전라남도,46170,나주시,전라남도 나주시,area_sigungu,시도명과 시군구명을 함께 포함한 권장 매칭
광양,광양,46,전라남도,46230,광양시,전라남도 광양시,sigungu_only,시군구명 단독 매칭은 중복 지명이 있을 수 있어 필요하면 시도명을 추가로 확인
광양시,광양시,46,전라남도,46230,광양시,전라남도 광양시,sigungu_only,시군구명 단독 매칭은 중복 지명이 있을 수 있어 필요하면 시도명을 추가로 확인
전남광양,전남광양,46,전라남도,46230,광양시,전라남도 광양시,area_sigungu,시도명과 시군구명을 함께 포함한 권장 매칭
전남광양시,전남광양시,46,전라남도,46230,광양시,전라남도 광양시,area_sigungu,시도명과 시군구명을 함께 포함한 권장 매칭
전라남도광양,전라남도광양,46,전라남도,46230,광양시,전라남도 광양시,area_sigungu,시도명과 시군구명을 함께 포함한 권장 매칭
전라남도광양시,전라남도광양시,46,전라남도,46230,광양시,전라남도 광양시,area_sigungu,시도명과 시군구명을 함께 포함한 권장 매칭
담양,담양,46,전라남도,46710,담양군,전라남도 담양군,sigungu_only,시군구명 단독 매칭은 중복 지명이 있을 수 있어 필요하면 시도명을 추가로 확인
담양군,담양군,46,전라남도,46710,담양군,전라남도 담양군,sigungu_only,시군구명 단독 매칭은 중복 지명이 있을 수 있어 필요하면 시도명을 추가로 확인
전남담양,전남담양,46,전라남도,46710,담양군,전라남도 담양군,area_sigungu,시도명과 시군구명을 함께 포함한 권장 매칭
전남담양군,전남담양군,46,전라남도,46710,담양군,전라남도 담양군,area_sigungu,시도명과 시군구명을 함께 포함한 권장 매칭
전라남도담양,전라남도담양,46,전라남도,46710,담양군,전라남도 담양군,area_sigungu,시도명과 시군구명을 함께 포함한 권장 매칭
전라남도담양군,전라남도담양군,46,전라남도,46710,담양군,전라남도 담양군,area_sigungu,시도명과 시군구명을 함께 포함한 권장 매칭
곡성,곡성,46,전라남도,46720,곡성군,전라남도 곡성군,sigungu_only,시군구명 단독 매칭은 중복 지명이 있을 수 있어 필요하면 시도명을 추가로 확인
곡성군,곡성군,46,전라남도,46720,곡성군,전라남도 곡성군,sigungu_only,시군구명 단독 매칭은 중복 지명이 있을 수 있어 필요하면 시도명을 추가로 확인
전남곡성,전남곡성,46,전라남도,46720,곡성군,전라남도 곡성군,area_sigungu,시도명과 시군구명을 함께 포함한 권장 매칭
전남곡성군,전남곡성군,46,전라남도,46720,곡성군,전라남도 곡성군,area_sigungu,시도명과 시군구명을 함께 포함한 권장 매칭
전라남도곡성,전라남도곡성,46,전라남도,46720,곡성군,전라남도 곡성군,area_sigungu,시도명과 시군구명을 함께 포함한 권장 매칭
전라남도곡성군,전라남도곡성군,46,전라남도,46720,곡성군,전라남도 곡성군,area_sigungu,시도명과 시군구명을 함께 포함한 권장 매칭
구례,구례,46,전라남도,46730,구례군,전라남도 구례군,sigungu_only,시군구명 단독 매칭은 중복 지명이 있을 수 있어 필요하면 시도명을 추가로 확인
구례군,구례군,46,전라남도,46730,구례군,전라남도 구례군,sigungu_only,시군구명 단독 매칭은 중복 지명이 있을 수 있어 필요하면 시도명을 추가로 확인
전남구례,전남구례,46,전라남도,46730,구례군,전라남도 구례군,area_sigungu,시도명과 시군구명을 함께 포함한 권장 매칭
전남구례군,전남구례군,46,전라남도,46730,구례군,전라남도 구례군,area_sigungu,시도명과 시군구명을 함께 포함한 권장 매칭
전라남도구례,전라남도구례,46,전라남도,46730,구례군,전라남도 구례군,area_sigungu,시도명과 시군구명을 함께 포함한 권장 매칭
전라남도구례군,전라남도구례군,46,전라남도,46730,구례군,전라남도 구례군,area_sigungu,시도명과 시군구명을 함께 포함한 권장 매칭
고흥,고흥,46,전라남도,46770,고흥군,전라남도 고흥군,sigungu_only,시군구명 단독 매칭은 중복 지명이 있을 수 있어 필요하면 시도명을 추가로 확인
고흥군,고흥군,46,전라남도,46770,고흥군,전라남도 고흥군,sigungu_only,시군구명 단독 매칭은 중복 지명이 있을 수 있어 필요하면 시도명을 추가로 확인
전남고흥,전남고흥,46,전라남도,46770,고흥군,전라남도 고흥군,area_sigungu,시도명과 시군구명을 함께 포함한 권장 매칭
전남고흥군,전남고흥군,46,전라남도,46770,고흥군,전라남도 고흥군,area_sigungu,시도명과 시군구명을 함께 포함한 권장 매칭
전라남도고흥,전라남도고흥,46,전라남도,46770,고흥군,전라남도 고흥군,area_sigungu,시도명과 시군구명을 함께 포함한 권장 매칭
전라남도고흥군,전라남도고흥군,46,전라남도,46770,고흥군,전라남도 고흥군,area_sigungu,시도명과 시군구명을 함께 포함한 권장 매칭
보성,보성,46,전라남도,46780,보성군,전라남도 보성군,sigungu_only,시군구명 단독 매칭은 중복 지명이 있을 수 있어 필요하면 시도명을 추가로 확인
보성군,보성군,46,전라남도,46780,보성군,전라남도 보성군,sigungu_only,시군구명 단독 매칭은 중복 지명이 있을 수 있어 필요하면 시도명을 추가로 확인
전남보성,전남보성,46,전라남도,46780,보성군,전라남도 보성군,area_sigungu,시도명과 시군구명을 함께 포함한 권장 매칭
전남보성군,전남보성군,46,전라남도,46780,보성군,전라남도 보성군,area_sigungu,시도명과 시군구명을 함께 포함한 권장 매칭
전라남도보성,전라남도보성,46,전라남도,46780,보성군,전라남도 보성군,area_sigungu,시도명과 시군구명을 함께 포함한 권장 매칭
전라남도보성군,전라남도보성군,46,전라남도,46780,보성군,전라남도 보성군,area_sigungu,시도명과 시군구명을 함께 포함한 권장 매칭
화순,화순,46,전라남도,46790,화순군,전라남도 화순군,sigungu_only,시군구명 단독 매칭은 중복 지명이 있을 수 있어 필요하면 시도명을 추가로 확인
화순군,화순군,46,전라남도,46790,화순군,전라남도 화순군,sigungu_only,시군구명 단독 매칭은 중복 지명이 있을 수 있어 필요하면 시도명을 추가로 확인
전남화순,전남화순,46,전라남도,46790,화순군,전라남도 화순군,area_sigungu,시도명과 시군구명을 함께 포함한 권장 매칭
전남화순군,전남화순군,46,전라남도,46790,화순군,전라남도 화순군,area_sigungu,시도명과 시군구명을 함께 포함한 권장 매칭
전라남도화순,전라남도화순,46,전라남도,46790,화순군,전라남도 화순군,area_sigungu,시도명과 시군구명을 함께 포함한 권장 매칭
전라남도화순군,전라남도화순군,46,전라남도,46790,화순군,전라남도 화순군,area_sigungu,시도명과 시군구명을 함께 포함한 권장 매칭
장흥,장흥,46,전라남도,46800,장흥군,전라남도 장흥군,sigungu_only,시군구명 단독 매칭은 중복 지명이 있을 수 있어 필요하면 시도명을 추가로 확인
장흥군,장흥군,46,전라남도,46800,장흥군,전라남도 장흥군,sigungu_only,시군구명 단독 매칭은 중복 지명이 있을 수 있어 필요하면 시도명을 추가로 확인
전남장흥,전남장흥,46,전라남도,46800,장흥군,전라남도 장흥군,area_sigungu,시도명과 시군구명을 함께 포함한 권장 매칭
전남장흥군,전남장흥군,46,전라남도,46800,장흥군,전라남도 장흥군,area_sigungu,시도명과 시군구명을 함께 포함한 권장 매칭
전라남도장흥,전라남도장흥,46,전라남도,46800,장흥군,전라남도 장흥군,area_sigungu,시도명과 시군구명을 함께 포함한 권장 매칭
전라남도장흥군,전라남도장흥군,46,전라남도,46800,장흥군,전라남도 장흥군,area_sigungu,시도명과 시군구명을 함께 포함한 권장 매칭
강진,강진,46,전라남도,46810,강진군,전라남도 강진군,sigungu_only,시군구명 단독 매칭은 중복 지명이 있을 수 있어 필요하면 시도명을 추가로 확인
강진군,강진군,46,전라남도,46810,강진군,전라남도 강진군,sigungu_only,시군구명 단독 매칭은 중복 지명이 있을 수 있어 필요하면 시도명을 추가로 확인
전남강진,전남강진,46,전라남도,46810,강진군,전라남도 강진군,area_sigungu,시도명과 시군구명을 함께 포함한 권장 매칭
전남강진군,전남강진군,46,전라남도,46810,강진군,전라남도 강진군,area_sigungu,시도명과 시군구명을 함께 포함한 권장 매칭
전라남도강진,전라남도강진,46,전라남도,46810,강진군,전라남도 강진군,area_sigungu,시도명과 시군구명을 함께 포함한 권장 매칭
전라남도강진군,전라남도강진군,46,전라남도,46810,강진군,전라남도 강진군,area_sigungu,시도명과 시군구명을 함께 포함한 권장 매칭
해남,해남,46,전라남도,46820,해남군,전라남도 해남군,sigungu_only,시군구명 단독 매칭은 중복 지명이 있을 수 있어 필요하면 시도명을 추가로 확인
해남군,해남군,46,전라남도,46820,해남군,전라남도 해남군,sigungu_only,시군구명 단독 매칭은 중복 지명이 있을 수 있어 필요하면 시도명을 추가로 확인
전남해남,전남해남,46,전라남도,46820,해남군,전라남도 해남군,area_sigungu,시도명과 시군구명을 함께 포함한 권장 매칭
전남해남군,전남해남군,46,전라남도,46820,해남군,전라남도 해남군,area_sigungu,시도명과 시군구명을 함께 포함한 권장 매칭
전라남도해남,전라남도해남,46,전라남도,46820,해남군,전라남도 해남군,area_sigungu,시도명과 시군구명을 함께 포함한 권장 매칭
전라남도해남군,전라남도해남군,46,전라남도,46820,해남군,전라남도 해남군,area_sigungu,시도명과 시군구명을 함께 포함한 권장 매칭
영암,영암,46,전라남도,46830,영암군,전라남도 영암군,sigungu_only,시군구명 단독 매칭은 중복 지명이 있을 수 있어 필요하면 시도명을 추가로 확인
영암군,영암군,46,전라남도,46830,영암군,전라남도 영암군,sigungu_only,시군구명 단독 매칭은 중복 지명이 있을 수 있어 필요하면 시도명을 추가로 확인
전남영암,전남영암,46,전라남도,46830,영암군,전라남도 영암군,area_sigungu,시도명과 시군구명을 함께 포함한 권장 매칭
전남영암군,전남영암군,46,전라남도,46830,영암군,전라남도 영암군,area_sigungu,시도명과 시군구명을 함께 포함한 권장 매칭
전라남도영암,전라남도영암,46,전라남도,46830,영암군,전라남도 영암군,area_sigungu,시도명과 시군구명을 함께 포함한 권장 매칭
전라남도영암군,전라남도영암군,46,전라남도,46830,영암군,전라남도 영암군,area_sigungu,시도명과 시군구명을 함께 포함한 권장 매칭
무안,무안,46,전라남도,46840,무안군,전라남도 무안군,sigungu_only,시군구명 단독 매칭은 중복 지명이 있을 수 있어 필요하면 시도명을 추가로 확인
무안군,무안군,46,전라남도,46840,무안군,전라남도 무안군,sigungu_only,시군구명 단독 매칭은 중복 지명이 있을 수 있어 필요하면 시도명을 추가로 확인
전남무안,전남무안,46,전라남도,46840,무안군,전라남도 무안군,area_sigungu,시도명과 시군구명을 함께 포함한 권장 매칭
전남무안군,전남무안군,46,전라남도,46840,무안군,전라남도 무안군,area_sigungu,시도명과 시군구명을 함께 포함한 권장 매칭
전라남도무안,전라남도무안,46,전라남도,46840,무안군,전라남도 무안군,area_sigungu,시도명과 시군구명을 함께 포함한 권장 매칭
전라남도무안군,전라남도무안군,46,전라남도,46840,무안군,전라남도 무안군,area_sigungu,시도명과 시군구명을 함께 포함한 권장 매칭
함평,함평,46,전라남도,46860,함평군,전라남도 함평군,sigungu_only,시군구명 단독 매칭은 중복 지명이 있을 수 있어 필요하면 시도명을 추가로 확인
함평군,함평군,46,전라남도,46860,함평군,전라남도 함평군,sigungu_only,시군구명 단독 매칭은 중복 지명이 있을 수 있어 필요하면 시도명을 추가로 확인
전남함평,전남함평,46,전라남도,46860,함평군,전라남도 함평군,area_sigungu,시도명과 시군구명을 함께 포함한 권장 매칭
전남함평군,전남함평군,46,전라남도,46860,함평군,전라남도 함평군,area_sigungu,시도명과 시군구명을 함께 포함한 권장 매칭
전라남도함평,전라남도함평,46,전라남도,46860,함평군,전라남도 함평군,area_sigungu,시도명과 시군구명을 함께 포함한 권장 매칭
전라남도함평군,전라남도함평군,46,전라남도,46860,함평군,전라남도 함평군,area_sigungu,시도명과 시군구명을 함께 포함한 권장 매칭
영광,영광,46,전라남도,46870,영광군,전라남도 영광군,sigungu_only,시군구명 단독 매칭은 중복 지명이 있을 수 있어 필요하면 시도명을 추가로 확인
영광군,영광군,46,전라남도,46870,영광군,전라남도 영광군,sigungu_only,시군구명 단독 매칭은 중복 지명이 있을 수 있어 필요하면 시도명을 추가로 확인
전남영광,전남영광,46,전라남도,46870,영광군,전라남도 영광군,area_sigungu,시도명과 시군구명을 함께 포함한 권장 매칭
전남영광군,전남영광군,46,전라남도,46870,영광군,전라남도 영광군,area_sigungu,시도명과 시군구명을 함께 포함한 권장 매칭
전라남도영광,전라남도영광,46,전라남도,46870,영광군,전라남도 영광군,area_sigungu,시도명과 시군구명을 함께 포함한 권장 매칭
전라남도영광군,전라남도영광군,46,전라남도,46870,영광군,전라남도 영광군,area_sigungu,시도명과 시군구명을 함께 포함한 권장 매칭
장성,장성,46,전라남도,46880,장성군,전라남도 장성군,sigungu_only,시군구명 단독 매칭은 중복 지명이 있을 수 있어 필요하면 시도명을 추가로 확인
장성군,장성군,46,전라남도,46880,장성군,전라남도 장성군,sigungu_only,시군구명 단독 매칭은 중복 지명이 있을 수 있어 필요하면 시도명을 추가로 확인
전남장성,전남장성,46,전라남도,46880,장성군,전라남도 장성군,area_sigungu,시도명과 시군구명을 함께 포함한 권장 매칭
전남장성군,전남장성군,46,전라남도,46880,장성군,전라남도 장성군,area_sigungu,시도명과 시군구명을 함께 포함한 권장 매칭
전라남도장성,전라남도장성,46,전라남도,46880,장성군,전라남도 장성군,area_sigungu,시도명과 시군구명을 함께 포함한 권장 매칭
전라남도장성군,전라남도장성군,46,전라남도,46880,장성군,전라남도 장성군,area_sigungu,시도명과 시군구명을 함께 포함한 권장 매칭
완도,완도,46,전라남도,46890,완도군,전라남도 완도군,sigungu_only,시군구명 단독 매칭은 중복 지명이 있을 수 있어 필요하면 시도명을 추가로 확인
완도군,완도군,46,전라남도,46890,완도군,전라남도 완도군,sigungu_only,시군구명 단독 매칭은 중복 지명이 있을 수 있어 필요하면 시도명을 추가로 확인
전남완도,전남완도,46,전라남도,46890,완도군,전라남도 완도군,area_sigungu,시도명과 시군구명을 함께 포함한 권장 매칭
전남완도군,전남완도군,46,전라남도,46890,완도군,전라남도 완도군,area_sigungu,시도명과 시군구명을 함께 포함한 권장 매칭
전라남도완도,전라남도완도,46,전라남도,46890,완도군,전라남도 완도군,area_sigungu,시도명과 시군구명을 함께 포함한 권장 매칭
전라남도완도군,전라남도완도군,46,전라남도,46890,완도군,전라남도 완도군,area_sigungu,시도명과 시군구명을 함께 포함한 권장 매칭
진도,진도,46,전라남도,46900,진도군,전라남도 진도군,sigungu_only,시군구명 단독 매칭은 중복 지명이 있을 수 있어 필요하면 시도명을 추가로 확인
진도군,진도군,46,전라남도,46900,진도군,전라남도 진도군,sigungu_only,시군구명 단독 매칭은 중복 지명이 있을 수 있어 필요하면 시도명을 추가로 확인
전남진도,전남진도,46,전라남도,46900,진도군,전라남도 진도군,area_sigungu,시도명과 시군구명을 함께 포함한 권장 매칭
전남진도군,전남진도군,46,전라남도,46900,진도군,전라남도 진도군,area_sigungu,시도명과 시군구명을 함께 포함한 권장 매칭
전라남도진도,전라남도진도,46,전라남도,46900,진도군,전라남도 진도군,area_sigungu,시도명과 시군구명을 함께 포함한 권장 매칭
전라남도진도군,전라남도진도군,46,전라남도,46900,진도군,전라남도 진도군,area_sigungu,시도명과 시군구명을 함께 포함한 권장 매칭
신안,신안,46,전라남도,46910,신안군,전라남도 신안군,sigungu_only,시군구명 단독 매칭은 중복 지명이 있을 수 있어 필요하면 시도명을 추가로 확인
신안군,신안군,46,전라남도,46910,신안군,전라남도 신안군,sigungu_only,시군구명 단독 매칭은 중복 지명이 있을 수 있어 필요하면 시도명을 추가로 확인
전남신안,전남신안,46,전라남도,46910,신안군,전라남도 신안군,area_sigungu,시도명과 시군구명을 함께 포함한 권장 매칭
전남신안군,전남신안군,46,전라남도,46910,신안군,전라남도 신안군,area_sigungu,시도명과 시군구명을 함께 포함한 권장 매칭
전라남도신안,전라남도신안,46,전라남도,46910,신안군,전라남도 신안군,area_sigungu,시도명과 시군구명을 함께 포함한 권장 매칭
전라남도신안군,전라남도신안군,46,전라남도,46910,신안군,전라남도 신안군,area_sigungu,시도명과 시군구명을 함께 포함한 권장 매칭
남,남,47,경상북도,47111,포항시 남구,경상북도 포항시 남구,sigungu_only,시군구명 단독 매칭은 중복 지명이 있을 수 있어 필요하면 시도명을 추가로 확인
남구,남구,47,경상북도,47111,포항시 남구,경상북도 포항시 남구,sigungu_only,시군구명 단독 매칭은 중복 지명이 있을 수 있어 필요하면 시도명을 추가로 확인
경북남,경북남,47,경상북도,47111,포항시 남구,경상북도 포항시 남구,area_sigungu,시도명과 시군구명을 함께 포함한 권장 매칭
경북남구,경북남구,47,경상북도,47111,포항시 남구,경상북도 포항시 남구,area_sigungu,시도명과 시군구명을 함께 포함한 권장 매칭
경상북도남,경상북도남,47,경상북도,47111,포항시 남구,경상북도 포항시 남구,area_sigungu,시도명과 시군구명을 함께 포함한 권장 매칭
포항시 남,포항시남,47,경상북도,47111,포항시 남구,경상북도 포항시 남구,sigungu_only,시군구명 단독 매칭은 중복 지명이 있을 수 있어 필요하면 시도명을 추가로 확인
경상북도남구,경상북도남구,47,경상북도,47111,포항시 남구,경상북도 포항시 남구,area_sigungu,시도명과 시군구명을 함께 포함한 권장 매칭
포항시 남구,포항시남구,47,경상북도,47111,포항시 남구,경상북도 포항시 남구,sigungu_only,시군구명 단독 매칭은 중복 지명이 있을 수 있어 필요하면 시도명을 추가로 확인
경북포항시 남,경북포항시남,47,경상북도,47111,포항시 남구,경상북도 포항시 남구,area_sigungu,시도명과 시군구명을 함께 포함한 권장 매칭
경북포항시 남구,경북포항시남구,47,경상북도,47111,포항시 남구,경상북도 포항시 남구,area_sigungu,시도명과 시군구명을 함께 포함한 권장 매칭
경상북도포항시 남,경상북도포항시남,47,경상북도,47111,포항시 남구,경상북도 포항시 남구,area_sigungu,시도명과 시군구명을 함께 포함한 권장 매칭
경상북도포항시 남구,경상북도포항시남구,47,경상북도,47111,포항시 남구,경상북도 포항시 남구,area_sigungu,시도명과 시군구명을 함께 포함한 권장 매칭
북,북,47,경상북도,47113,포항시 북구,경상북도 포항시 북구,sigungu_only,시군구명 단독 매칭은 중복 지명이 있을 수 있어 필요하면 시도명을 추가로 확인
북구,북구,47,경상북도,47113,포항시 북구,경상북도 포항시 북구,sigungu_only,시군구명 단독 매칭은 중복 지명이 있을 수 있어 필요하면 시도명을 추가로 확인
경북북,경북북,47,경상북도,47113,포항시 북구,경상북도 포항시 북구,area_sigungu,시도명과 시군구명을 함께 포함한 권장 매칭
경북북구,경북북구,47,경상북도,47113,포항시 북구,경상북도 포항시 북구,area_sigungu,시도명과 시군구명을 함께 포함한 권장 매칭
경상북도북,경상북도북,47,경상북도,47113,포항시 북구,경상북도 포항시 북구,area_sigungu,시도명과 시군구명을 함께 포함한 권장 매칭
포항시 북,포항시북,47,경상북도,47113,포항시 북구,경상북도 포항시 북구,sigungu_only,시군구명 단독 매칭은 중복 지명이 있을 수 있어 필요하면 시도명을 추가로 확인
경상북도북구,경상북도북구,47,경상북도,47113,포항시 북구,경상북도 포항시 북구,area_sigungu,시도명과 시군구명을 함께 포함한 권장 매칭
포항시 북구,포항시북구,47,경상북도,47113,포항시 북구,경상북도 포항시 북구,sigungu_only,시군구명 단독 매칭은 중복 지명이 있을 수 있어 필요하면 시도명을 추가로 확인
경북포항시 북,경북포항시북,47,경상북도,47113,포항시 북구,경상북도 포항시 북구,area_sigungu,시도명과 시군구명을 함께 포함한 권장 매칭
경북포항시 북구,경북포항시북구,47,경상북도,47113,포항시 북구,경상북도 포항시 북구,area_sigungu,시도명과 시군구명을 함께 포함한 권장 매칭
경상북도포항시 북,경상북도포항시북,47,경상북도,47113,포항시 북구,경상북도 포항시 북구,area_sigungu,시도명과 시군구명을 함께 포함한 권장 매칭
경상북도포항시 북구,경상북도포항시북구,47,경상북도,47113,포항시 북구,경상북도 포항시 북구,area_sigungu,시도명과 시군구명을 함께 포함한 권장 매칭
경주,경주,47,경상북도,47130,경주시,경상북도 경주시,sigungu_only,시군구명 단독 매칭은 중복 지명이 있을 수 있어 필요하면 시도명을 추가로 확인
경주시,경주시,47,경상북도,47130,경주시,경상북도 경주시,sigungu_only,시군구명 단독 매칭은 중복 지명이 있을 수 있어 필요하면 시도명을 추가로 확인
경북경주,경북경주,47,경상북도,47130,경주시,경상북도 경주시,area_sigungu,시도명과 시군구명을 함께 포함한 권장 매칭
경북경주시,경북경주시,47,경상북도,47130,경주시,경상북도 경주시,area_sigungu,시도명과 시군구명을 함께 포함한 권장 매칭
경상북도경주,경상북도경주,47,경상북도,47130,경주시,경상북도 경주시,area_sigungu,시도명과 시군구명을 함께 포함한 권장 매칭
경상북도경주시,경상북도경주시,47,경상북도,47130,경주시,경상북도 경주시,area_sigungu,시도명과 시군구명을 함께 포함한 권장 매칭
김천,김천,47,경상북도,47150,김천시,경상북도 김천시,sigungu_only,시군구명 단독 매칭은 중복 지명이 있을 수 있어 필요하면 시도명을 추가로 확인
김천시,김천시,47,경상북도,47150,김천시,경상북도 김천시,sigungu_only,시군구명 단독 매칭은 중복 지명이 있을 수 있어 필요하면 시도명을 추가로 확인
경북김천,경북김천,47,경상북도,47150,김천시,경상북도 김천시,area_sigungu,시도명과 시군구명을 함께 포함한 권장 매칭
경북김천시,경북김천시,47,경상북도,47150,김천시,경상북도 김천시,area_sigungu,시도명과 시군구명을 함께 포함한 권장 매칭
경상북도김천,경상북도김천,47,경상북도,47150,김천시,경상북도 김천시,area_sigungu,시도명과 시군구명을 함께 포함한 권장 매칭
경상북도김천시,경상북도김천시,47,경상북도,47150,김천시,경상북도 김천시,area_sigungu,시도명과 시군구명을 함께 포함한 권장 매칭
안동,안동,47,경상북도,47170,안동시,경상북도 안동시,sigungu_only,시군구명 단독 매칭은 중복 지명이 있을 수 있어 필요하면 시도명을 추가로 확인
안동시,안동시,47,경상북도,47170,안동시,경상북도 안동시,sigungu_only,시군구명 단독 매칭은 중복 지명이 있을 수 있어 필요하면 시도명을 추가로 확인
경북안동,경북안동,47,경상북도,47170,안동시,경상북도 안동시,area_sigungu,시도명과 시군구명을 함께 포함한 권장 매칭
경북안동시,경북안동시,47,경상북도,47170,안동시,경상북도 안동시,area_sigungu,시도명과 시군구명을 함께 포함한 권장 매칭
경상북도안동,경상북도안동,47,경상북도,47170,안동시,경상북도 안동시,area_sigungu,시도명과 시군구명을 함께 포함한 권장 매칭
경상북도안동시,경상북도안동시,47,경상북도,47170,안동시,경상북도 안동시,area_sigungu,시도명과 시군구명을 함께 포함한 권장 매칭
구미,구미,47,경상북도,47190,구미시,경상북도 구미시,sigungu_only,시군구명 단독 매칭은 중복 지명이 있을 수 있어 필요하면 시도명을 추가로 확인
구미시,구미시,47,경상북도,47190,구미시,경상북도 구미시,sigungu_only,시군구명 단독 매칭은 중복 지명이 있을 수 있어 필요하면 시도명을 추가로 확인
경북구미,경북구미,47,경상북도,47190,구미시,경상북도 구미시,area_sigungu,시도명과 시군구명을 함께 포함한 권장 매칭
경북구미시,경북구미시,47,경상북도,47190,구미시,경상북도 구미시,area_sigungu,시도명과 시군구명을 함께 포함한 권장 매칭
경상북도구미,경상북도구미,47,경상북도,47190,구미시,경상북도 구미시,area_sigungu,시도명과 시군구명을 함께 포함한 권장 매칭
경상북도구미시,경상북도구미시,47,경상북도,47190,구미시,경상북도 구미시,area_sigungu,시도명과 시군구명을 함께 포함한 권장 매칭
영주,영주,47,경상북도,47210,영주시,경상북도 영주시,sigungu_only,시군구명 단독 매칭은 중복 지명이 있을 수 있어 필요하면 시도명을 추가로 확인
영주시,영주시,47,경상북도,47210,영주시,경상북도 영주시,sigungu_only,시군구명 단독 매칭은 중복 지명이 있을 수 있어 필요하면 시도명을 추가로 확인
경북영주,경북영주,47,경상북도,47210,영주시,경상북도 영주시,area_sigungu,시도명과 시군구명을 함께 포함한 권장 매칭
경북영주시,경북영주시,47,경상북도,47210,영주시,경상북도 영주시,area_sigungu,시도명과 시군구명을 함께 포함한 권장 매칭
경상북도영주,경상북도영주,47,경상북도,47210,영주시,경상북도 영주시,area_sigungu,시도명과 시군구명을 함께 포함한 권장 매칭
경상북도영주시,경상북도영주시,47,경상북도,47210,영주시,경상북도 영주시,area_sigungu,시도명과 시군구명을 함께 포함한 권장 매칭
영천,영천,47,경상북도,47230,영천시,경상북도 영천시,sigungu_only,시군구명 단독 매칭은 중복 지명이 있을 수 있어 필요하면 시도명을 추가로 확인
영천시,영천시,47,경상북도,47230,영천시,경상북도 영천시,sigungu_only,시군구명 단독 매칭은 중복 지명이 있을 수 있어 필요하면 시도명을 추가로 확인
경북영천,경북영천,47,경상북도,47230,영천시,경상북도 영천시,area_sigungu,시도명과 시군구명을 함께 포함한 권장 매칭
경북영천시,경북영천시,47,경상북도,47230,영천시,경상북도 영천시,area_sigungu,시도명과 시군구명을 함께 포함한 권장 매칭
경상북도영천,경상북도영천,47,경상북도,47230,영천시,경상북도 영천시,area_sigungu,시도명과 시군구명을 함께 포함한 권장 매칭
경상북도영천시,경상북도영천시,47,경상북도,47230,영천시,경상북도 영천시,area_sigungu,시도명과 시군구명을 함께 포함한 권장 매칭
상주,상주,47,경상북도,47250,상주시,경상북도 상주시,sigungu_only,시군구명 단독 매칭은 중복 지명이 있을 수 있어 필요하면 시도명을 추가로 확인
상주시,상주시,47,경상북도,47250,상주시,경상북도 상주시,sigungu_only,시군구명 단독 매칭은 중복 지명이 있을 수 있어 필요하면 시도명을 추가로 확인
경북상주,경북상주,47,경상북도,47250,상주시,경상북도 상주시,area_sigungu,시도명과 시군구명을 함께 포함한 권장 매칭
경북상주시,경북상주시,47,경상북도,47250,상주시,경상북도 상주시,area_sigungu,시도명과 시군구명을 함께 포함한 권장 매칭
경상북도상주,경상북도상주,47,경상북도,47250,상주시,경상북도 상주시,area_sigungu,시도명과 시군구명을 함께 포함한 권장 매칭
경상북도상주시,경상북도상주시,47,경상북도,47250,상주시,경상북도 상주시,area_sigungu,시도명과 시군구명을 함께 포함한 권장 매칭
문경,문경,47,경상북도,47280,문경시,경상북도 문경시,sigungu_only,시군구명 단독 매칭은 중복 지명이 있을 수 있어 필요하면 시도명을 추가로 확인
문경시,문경시,47,경상북도,47280,문경시,경상북도 문경시,sigungu_only,시군구명 단독 매칭은 중복 지명이 있을 수 있어 필요하면 시도명을 추가로 확인
경북문경,경북문경,47,경상북도,47280,문경시,경상북도 문경시,area_sigungu,시도명과 시군구명을 함께 포함한 권장 매칭
경북문경시,경북문경시,47,경상북도,47280,문경시,경상북도 문경시,area_sigungu,시도명과 시군구명을 함께 포함한 권장 매칭
경상북도문경,경상북도문경,47,경상북도,47280,문경시,경상북도 문경시,area_sigungu,시도명과 시군구명을 함께 포함한 권장 매칭
경상북도문경시,경상북도문경시,47,경상북도,47280,문경시,경상북도 문경시,area_sigungu,시도명과 시군구명을 함께 포함한 권장 매칭
경산,경산,47,경상북도,47290,경산시,경상북도 경산시,sigungu_only,시군구명 단독 매칭은 중복 지명이 있을 수 있어 필요하면 시도명을 추가로 확인
경산시,경산시,47,경상북도,47290,경산시,경상북도 경산시,sigungu_only,시군구명 단독 매칭은 중복 지명이 있을 수 있어 필요하면 시도명을 추가로 확인
경북경산,경북경산,47,경상북도,47290,경산시,경상북도 경산시,area_sigungu,시도명과 시군구명을 함께 포함한 권장 매칭
경북경산시,경북경산시,47,경상북도,47290,경산시,경상북도 경산시,area_sigungu,시도명과 시군구명을 함께 포함한 권장 매칭
경상북도경산,경상북도경산,47,경상북도,47290,경산시,경상북도 경산시,area_sigungu,시도명과 시군구명을 함께 포함한 권장 매칭
경상북도경산시,경상북도경산시,47,경상북도,47290,경산시,경상북도 경산시,area_sigungu,시도명과 시군구명을 함께 포함한 권장 매칭
의성,의성,47,경상북도,47730,의성군,경상북도 의성군,sigungu_only,시군구명 단독 매칭은 중복 지명이 있을 수 있어 필요하면 시도명을 추가로 확인
의성군,의성군,47,경상북도,47730,의성군,경상북도 의성군,sigungu_only,시군구명 단독 매칭은 중복 지명이 있을 수 있어 필요하면 시도명을 추가로 확인
경북의성,경북의성,47,경상북도,47730,의성군,경상북도 의성군,area_sigungu,시도명과 시군구명을 함께 포함한 권장 매칭
경북의성군,경북의성군,47,경상북도,47730,의성군,경상북도 의성군,area_sigungu,시도명과 시군구명을 함께 포함한 권장 매칭
경상북도의성,경상북도의성,47,경상북도,47730,의성군,경상북도 의성군,area_sigungu,시도명과 시군구명을 함께 포함한 권장 매칭
경상북도의성군,경상북도의성군,47,경상북도,47730,의성군,경상북도 의성군,area_sigungu,시도명과 시군구명을 함께 포함한 권장 매칭
청송,청송,47,경상북도,47750,청송군,경상북도 청송군,sigungu_only,시군구명 단독 매칭은 중복 지명이 있을 수 있어 필요하면 시도명을 추가로 확인
청송군,청송군,47,경상북도,47750,청송군,경상북도 청송군,sigungu_only,시군구명 단독 매칭은 중복 지명이 있을 수 있어 필요하면 시도명을 추가로 확인
경북청송,경북청송,47,경상북도,47750,청송군,경상북도 청송군,area_sigungu,시도명과 시군구명을 함께 포함한 권장 매칭
경북청송군,경북청송군,47,경상북도,47750,청송군,경상북도 청송군,area_sigungu,시도명과 시군구명을 함께 포함한 권장 매칭
경상북도청송,경상북도청송,47,경상북도,47750,청송군,경상북도 청송군,area_sigungu,시도명과 시군구명을 함께 포함한 권장 매칭
경상북도청송군,경상북도청송군,47,경상북도,47750,청송군,경상북도 청송군,area_sigungu,시도명과 시군구명을 함께 포함한 권장 매칭
영양,영양,47,경상북도,47760,영양군,경상북도 영양군,sigungu_only,시군구명 단독 매칭은 중복 지명이 있을 수 있어 필요하면 시도명을 추가로 확인
영양군,영양군,47,경상북도,47760,영양군,경상북도 영양군,sigungu_only,시군구명 단독 매칭은 중복 지명이 있을 수 있어 필요하면 시도명을 추가로 확인
경북영양,경북영양,47,경상북도,47760,영양군,경상북도 영양군,area_sigungu,시도명과 시군구명을 함께 포함한 권장 매칭
경북영양군,경북영양군,47,경상북도,47760,영양군,경상북도 영양군,area_sigungu,시도명과 시군구명을 함께 포함한 권장 매칭
경상북도영양,경상북도영양,47,경상북도,47760,영양군,경상북도 영양군,area_sigungu,시도명과 시군구명을 함께 포함한 권장 매칭
경상북도영양군,경상북도영양군,47,경상북도,47760,영양군,경상북도 영양군,area_sigungu,시도명과 시군구명을 함께 포함한 권장 매칭
영덕,영덕,47,경상북도,47770,영덕군,경상북도 영덕군,sigungu_only,시군구명 단독 매칭은 중복 지명이 있을 수 있어 필요하면 시도명을 추가로 확인
영덕군,영덕군,47,경상북도,47770,영덕군,경상북도 영덕군,sigungu_only,시군구명 단독 매칭은 중복 지명이 있을 수 있어 필요하면 시도명을 추가로 확인
경북영덕,경북영덕,47,경상북도,47770,영덕군,경상북도 영덕군,area_sigungu,시도명과 시군구명을 함께 포함한 권장 매칭
경북영덕군,경북영덕군,47,경상북도,47770,영덕군,경상북도 영덕군,area_sigungu,시도명과 시군구명을 함께 포함한 권장 매칭
경상북도영덕,경상북도영덕,47,경상북도,47770,영덕군,경상북도 영덕군,area_sigungu,시도명과 시군구명을 함께 포함한 권장 매칭
경상북도영덕군,경상북도영덕군,47,경상북도,47770,영덕군,경상북도 영덕군,area_sigungu,시도명과 시군구명을 함께 포함한 권장 매칭
청도,청도,47,경상북도,47820,청도군,경상북도 청도군,sigungu_only,시군구명 단독 매칭은 중복 지명이 있을 수 있어 필요하면 시도명을 추가로 확인
청도군,청도군,47,경상북도,47820,청도군,경상북도 청도군,sigungu_only,시군구명 단독 매칭은 중복 지명이 있을 수 있어 필요하면 시도명을 추가로 확인
경북청도,경북청도,47,경상북도,47820,청도군,경상북도 청도군,area_sigungu,시도명과 시군구명을 함께 포함한 권장 매칭
경북청도군,경북청도군,47,경상북도,47820,청도군,경상북도 청도군,area_sigungu,시도명과 시군구명을 함께 포함한 권장 매칭
경상북도청도,경상북도청도,47,경상북도,47820,청도군,경상북도 청도군,area_sigungu,시도명과 시군구명을 함께 포함한 권장 매칭
경상북도청도군,경상북도청도군,47,경상북도,47820,청도군,경상북도 청도군,area_sigungu,시도명과 시군구명을 함께 포함한 권장 매칭
고령,고령,47,경상북도,47830,고령군,경상북도 고령군,sigungu_only,시군구명 단독 매칭은 중복 지명이 있을 수 있어 필요하면 시도명을 추가로 확인
고령군,고령군,47,경상북도,47830,고령군,경상북도 고령군,sigungu_only,시군구명 단독 매칭은 중복 지명이 있을 수 있어 필요하면 시도명을 추가로 확인
경북고령,경북고령,47,경상북도,47830,고령군,경상북도 고령군,area_sigungu,시도명과 시군구명을 함께 포함한 권장 매칭
경북고령군,경북고령군,47,경상북도,47830,고령군,경상북도 고령군,area_sigungu,시도명과 시군구명을 함께 포함한 권장 매칭
경상북도고령,경상북도고령,47,경상북도,47830,고령군,경상북도 고령군,area_sigungu,시도명과 시군구명을 함께 포함한 권장 매칭
경상북도고령군,경상북도고령군,47,경상북도,47830,고령군,경상북도 고령군,area_sigungu,시도명과 시군구명을 함께 포함한 권장 매칭
성주,성주,47,경상북도,47840,성주군,경상북도 성주군,sigungu_only,시군구명 단독 매칭은 중복 지명이 있을 수 있어 필요하면 시도명을 추가로 확인
성주군,성주군,47,경상북도,47840,성주군,경상북도 성주군,sigungu_only,시군구명 단독 매칭은 중복 지명이 있을 수 있어 필요하면 시도명을 추가로 확인
경북성주,경북성주,47,경상북도,47840,성주군,경상북도 성주군,area_sigungu,시도명과 시군구명을 함께 포함한 권장 매칭
경북성주군,경북성주군,47,경상북도,47840,성주군,경상북도 성주군,area_sigungu,시도명과 시군구명을 함께 포함한 권장 매칭
경상북도성주,경상북도성주,47,경상북도,47840,성주군,경상북도 성주군,area_sigungu,시도명과 시군구명을 함께 포함한 권장 매칭
경상북도성주군,경상북도성주군,47,경상북도,47840,성주군,경상북도 성주군,area_sigungu,시도명과 시군구명을 함께 포함한 권장 매칭
칠곡,칠곡,47,경상북도,47850,칠곡군,경상북도 칠곡군,sigungu_only,시군구명 단독 매칭은 중복 지명이 있을 수 있어 필요하면 시도명을 추가로 확인
칠곡군,칠곡군,47,경상북도,47850,칠곡군,경상북도 칠곡군,sigungu_only,시군구명 단독 매칭은 중복 지명이 있을 수 있어 필요하면 시도명을 추가로 확인
경북칠곡,경북칠곡,47,경상북도,47850,칠곡군,경상북도 칠곡군,area_sigungu,시도명과 시군구명을 함께 포함한 권장 매칭
경북칠곡군,경북칠곡군,47,경상북도,47850,칠곡군,경상북도 칠곡군,area_sigungu,시도명과 시군구명을 함께 포함한 권장 매칭
경상북도칠곡,경상북도칠곡,47,경상북도,47850,칠곡군,경상북도 칠곡군,area_sigungu,시도명과 시군구명을 함께 포함한 권장 매칭
경상북도칠곡군,경상북도칠곡군,47,경상북도,47850,칠곡군,경상북도 칠곡군,area_sigungu,시도명과 시군구명을 함께 포함한 권장 매칭
예천,예천,47,경상북도,47900,예천군,경상북도 예천군,sigungu_only,시군구명 단독 매칭은 중복 지명이 있을 수 있어 필요하면 시도명을 추가로 확인
예천군,예천군,47,경상북도,47900,예천군,경상북도 예천군,sigungu_only,시군구명 단독 매칭은 중복 지명이 있을 수 있어 필요하면 시도명을 추가로 확인
경북예천,경북예천,47,경상북도,47900,예천군,경상북도 예천군,area_sigungu,시도명과 시군구명을 함께 포함한 권장 매칭
경북예천군,경북예천군,47,경상북도,47900,예천군,경상북도 예천군,area_sigungu,시도명과 시군구명을 함께 포함한 권장 매칭
경상북도예천,경상북도예천,47,경상북도,47900,예천군,경상북도 예천군,area_sigungu,시도명과 시군구명을 함께 포함한 권장 매칭
경상북도예천군,경상북도예천군,47,경상북도,47900,예천군,경상북도 예천군,area_sigungu,시도명과 시군구명을 함께 포함한 권장 매칭
봉화,봉화,47,경상북도,47920,봉화군,경상북도 봉화군,sigungu_only,시군구명 단독 매칭은 중복 지명이 있을 수 있어 필요하면 시도명을 추가로 확인
봉화군,봉화군,47,경상북도,47920,봉화군,경상북도 봉화군,sigungu_only,시군구명 단독 매칭은 중복 지명이 있을 수 있어 필요하면 시도명을 추가로 확인
경북봉화,경북봉화,47,경상북도,47920,봉화군,경상북도 봉화군,area_sigungu,시도명과 시군구명을 함께 포함한 권장 매칭
경북봉화군,경북봉화군,47,경상북도,47920,봉화군,경상북도 봉화군,area_sigungu,시도명과 시군구명을 함께 포함한 권장 매칭
경상북도봉화,경상북도봉화,47,경상북도,47920,봉화군,경상북도 봉화군,area_sigungu,시도명과 시군구명을 함께 포함한 권장 매칭
경상북도봉화군,경상북도봉화군,47,경상북도,47920,봉화군,경상북도 봉화군,area_sigungu,시도명과 시군구명을 함께 포함한 권장 매칭
울진,울진,47,경상북도,47930,울진군,경상북도 울진군,sigungu_only,시군구명 단독 매칭은 중복 지명이 있을 수 있어 필요하면 시도명을 추가로 확인
울진군,울진군,47,경상북도,47930,울진군,경상북도 울진군,sigungu_only,시군구명 단독 매칭은 중복 지명이 있을 수 있어 필요하면 시도명을 추가로 확인
경북울진,경북울진,47,경상북도,47930,울진군,경상북도 울진군,area_sigungu,시도명과 시군구명을 함께 포함한 권장 매칭
경북울진군,경북울진군,47,경상북도,47930,울진군,경상북도 울진군,area_sigungu,시도명과 시군구명을 함께 포함한 권장 매칭
경상북도울진,경상북도울진,47,경상북도,47930,울진군,경상북도 울진군,area_sigungu,시도명과 시군구명을 함께 포함한 권장 매칭
경상북도울진군,경상북도울진군,47,경상북도,47930,울진군,경상북도 울진군,area_sigungu,시도명과 시군구명을 함께 포함한 권장 매칭
울릉,울릉,47,경상북도,47940,울릉군,경상북도 울릉군,sigungu_only,시군구명 단독 매칭은 중복 지명이 있을 수 있어 필요하면 시도명을 추가로 확인
울릉군,울릉군,47,경상북도,47940,울릉군,경상북도 울릉군,sigungu_only,시군구명 단독 매칭은 중복 지명이 있을 수 있어 필요하면 시도명을 추가로 확인
경북울릉,경북울릉,47,경상북도,47940,울릉군,경상북도 울릉군,area_sigungu,시도명과 시군구명을 함께 포함한 권장 매칭
경북울릉군,경북울릉군,47,경상북도,47940,울릉군,경상북도 울릉군,area_sigungu,시도명과 시군구명을 함께 포함한 권장 매칭
경상북도울릉,경상북도울릉,47,경상북도,47940,울릉군,경상북도 울릉군,area_sigungu,시도명과 시군구명을 함께 포함한 권장 매칭
경상북도울릉군,경상북도울릉군,47,경상북도,47940,울릉군,경상북도 울릉군,area_sigungu,시도명과 시군구명을 함께 포함한 권장 매칭
의창,의창,48,경상남도,48121,창원시 의창구,경상남도 창원시 의창구,sigungu_only,시군구명 단독 매칭은 중복 지명이 있을 수 있어 필요하면 시도명을 추가로 확인
의창구,의창구,48,경상남도,48121,창원시 의창구,경상남도 창원시 의창구,sigungu_only,시군구명 단독 매칭은 중복 지명이 있을 수 있어 필요하면 시도명을 추가로 확인
경남의창,경남의창,48,경상남도,48121,창원시 의창구,경상남도 창원시 의창구,area_sigungu,시도명과 시군구명을 함께 포함한 권장 매칭
경남의창구,경남의창구,48,경상남도,48121,창원시 의창구,경상남도 창원시 의창구,area_sigungu,시도명과 시군구명을 함께 포함한 권장 매칭
경상남도의창,경상남도의창,48,경상남도,48121,창원시 의창구,경상남도 창원시 의창구,area_sigungu,시도명과 시군구명을 함께 포함한 권장 매칭
창원시 의창,창원시의창,48,경상남도,48121,창원시 의창구,경상남도 창원시 의창구,sigungu_only,시군구명 단독 매칭은 중복 지명이 있을 수 있어 필요하면 시도명을 추가로 확인
경상남도의창구,경상남도의창구,48,경상남도,48121,창원시 의창구,경상남도 창원시 의창구,area_sigungu,시도명과 시군구명을 함께 포함한 권장 매칭
창원시 의창구,창원시의창구,48,경상남도,48121,창원시 의창구,경상남도 창원시 의창구,sigungu_only,시군구명 단독 매칭은 중복 지명이 있을 수 있어 필요하면 시도명을 추가로 확인
경남창원시 의창,경남창원시의창,48,경상남도,48121,창원시 의창구,경상남도 창원시 의창구,area_sigungu,시도명과 시군구명을 함께 포함한 권장 매칭
경남창원시 의창구,경남창원시의창구,48,경상남도,48121,창원시 의창구,경상남도 창원시 의창구,area_sigungu,시도명과 시군구명을 함께 포함한 권장 매칭
경상남도창원시 의창,경상남도창원시의창,48,경상남도,48121,창원시 의창구,경상남도 창원시 의창구,area_sigungu,시도명과 시군구명을 함께 포함한 권장 매칭
경상남도창원시 의창구,경상남도창원시의창구,48,경상남도,48121,창원시 의창구,경상남도 창원시 의창구,area_sigungu,시도명과 시군구명을 함께 포함한 권장 매칭
성산,성산,48,경상남도,48123,창원시 성산구,경상남도 창원시 성산구,sigungu_only,시군구명 단독 매칭은 중복 지명이 있을 수 있어 필요하면 시도명을 추가로 확인
성산구,성산구,48,경상남도,48123,창원시 성산구,경상남도 창원시 성산구,sigungu_only,시군구명 단독 매칭은 중복 지명이 있을 수 있어 필요하면 시도명을 추가로 확인
경남성산,경남성산,48,경상남도,48123,창원시 성산구,경상남도 창원시 성산구,area_sigungu,시도명과 시군구명을 함께 포함한 권장 매칭
경남성산구,경남성산구,48,경상남도,48123,창원시 성산구,경상남도 창원시 성산구,area_sigungu,시도명과 시군구명을 함께 포함한 권장 매칭
경상남도성산,경상남도성산,48,경상남도,48123,창원시 성산구,경상남도 창원시 성산구,area_sigungu,시도명과 시군구명을 함께 포함한 권장 매칭
창원시 성산,창원시성산,48,경상남도,48123,창원시 성산구,경상남도 창원시 성산구,sigungu_only,시군구명 단독 매칭은 중복 지명이 있을 수 있어 필요하면 시도명을 추가로 확인
경상남도성산구,경상남도성산구,48,경상남도,48123,창원시 성산구,경상남도 창원시 성산구,area_sigungu,시도명과 시군구명을 함께 포함한 권장 매칭
창원시 성산구,창원시성산구,48,경상남도,48123,창원시 성산구,경상남도 창원시 성산구,sigungu_only,시군구명 단독 매칭은 중복 지명이 있을 수 있어 필요하면 시도명을 추가로 확인
경남창원시 성산,경남창원시성산,48,경상남도,48123,창원시 성산구,경상남도 창원시 성산구,area_sigungu,시도명과 시군구명을 함께 포함한 권장 매칭
경남창원시 성산구,경남창원시성산구,48,경상남도,48123,창원시 성산구,경상남도 창원시 성산구,area_sigungu,시도명과 시군구명을 함께 포함한 권장 매칭
경상남도창원시 성산,경상남도창원시성산,48,경상남도,48123,창원시 성산구,경상남도 창원시 성산구,area_sigungu,시도명과 시군구명을 함께 포함한 권장 매칭
경상남도창원시 성산구,경상남도창원시성산구,48,경상남도,48123,창원시 성산구,경상남도 창원시 성산구,area_sigungu,시도명과 시군구명을 함께 포함한 권장 매칭
마산합포,마산합포,48,경상남도,48125,창원시 마산합포구,경상남도 창원시 마산합포구,sigungu_only,시군구명 단독 매칭은 중복 지명이 있을 수 있어 필요하면 시도명을 추가로 확인
마산합포구,마산합포구,48,경상남도,48125,창원시 마산합포구,경상남도 창원시 마산합포구,sigungu_only,시군구명 단독 매칭은 중복 지명이 있을 수 있어 필요하면 시도명을 추가로 확인
경남마산합포,경남마산합포,48,경상남도,48125,창원시 마산합포구,경상남도 창원시 마산합포구,area_sigungu,시도명과 시군구명을 함께 포함한 권장 매칭
경남마산합포구,경남마산합포구,48,경상남도,48125,창원시 마산합포구,경상남도 창원시 마산합포구,area_sigungu,시도명과 시군구명을 함께 포함한 권장 매칭
경상남도마산합포,경상남도마산합포,48,경상남도,48125,창원시 마산합포구,경상남도 창원시 마산합포구,area_sigungu,시도명과 시군구명을 함께 포함한 권장 매칭
창원시 마산합포,창원시마산합포,48,경상남도,48125,창원시 마산합포구,경상남도 창원시 마산합포구,sigungu_only,시군구명 단독 매칭은 중복 지명이 있을 수 있어 필요하면 시도명을 추가로 확인
경상남도마산합포구,경상남도마산합포구,48,경상남도,48125,창원시 마산합포구,경상남도 창원시 마산합포구,area_sigungu,시도명과 시군구명을 함께 포함한 권장 매칭
창원시 마산합포구,창원시마산합포구,48,경상남도,48125,창원시 마산합포구,경상남도 창원시 마산합포구,sigungu_only,시군구명 단독 매칭은 중복 지명이 있을 수 있어 필요하면 시도명을 추가로 확인
경남창원시 마산합포,경남창원시마산합포,48,경상남도,48125,창원시 마산합포구,경상남도 창원시 마산합포구,area_sigungu,시도명과 시군구명을 함께 포함한 권장 매칭
경남창원시 마산합포구,경남창원시마산합포구,48,경상남도,48125,창원시 마산합포구,경상남도 창원시 마산합포구,area_sigungu,시도명과 시군구명을 함께 포함한 권장 매칭
경상남도창원시 마산합포,경상남도창원시마산합포,48,경상남도,48125,창원시 마산합포구,경상남도 창원시 마산합포구,area_sigungu,시도명과 시군구명을 함께 포함한 권장 매칭
경상남도창원시 마산합포구,경상남도창원시마산합포구,48,경상남도,48125,창원시 마산합포구,경상남도 창원시 마산합포구,area_sigungu,시도명과 시군구명을 함께 포함한 권장 매칭
마산회원,마산회원,48,경상남도,48127,창원시 마산회원구,경상남도 창원시 마산회원구,sigungu_only,시군구명 단독 매칭은 중복 지명이 있을 수 있어 필요하면 시도명을 추가로 확인
마산회원구,마산회원구,48,경상남도,48127,창원시 마산회원구,경상남도 창원시 마산회원구,sigungu_only,시군구명 단독 매칭은 중복 지명이 있을 수 있어 필요하면 시도명을 추가로 확인
경남마산회원,경남마산회원,48,경상남도,48127,창원시 마산회원구,경상남도 창원시 마산회원구,area_sigungu,시도명과 시군구명을 함께 포함한 권장 매칭
경남마산회원구,경남마산회원구,48,경상남도,48127,창원시 마산회원구,경상남도 창원시 마산회원구,area_sigungu,시도명과 시군구명을 함께 포함한 권장 매칭
경상남도마산회원,경상남도마산회원,48,경상남도,48127,창원시 마산회원구,경상남도 창원시 마산회원구,area_sigungu,시도명과 시군구명을 함께 포함한 권장 매칭
창원시 마산회원,창원시마산회원,48,경상남도,48127,창원시 마산회원구,경상남도 창원시 마산회원구,sigungu_only,시군구명 단독 매칭은 중복 지명이 있을 수 있어 필요하면 시도명을 추가로 확인
경상남도마산회원구,경상남도마산회원구,48,경상남도,48127,창원시 마산회원구,경상남도 창원시 마산회원구,area_sigungu,시도명과 시군구명을 함께 포함한 권장 매칭
창원시 마산회원구,창원시마산회원구,48,경상남도,48127,창원시 마산회원구,경상남도 창원시 마산회원구,sigungu_only,시군구명 단독 매칭은 중복 지명이 있을 수 있어 필요하면 시도명을 추가로 확인
경남창원시 마산회원,경남창원시마산회원,48,경상남도,48127,창원시 마산회원구,경상남도 창원시 마산회원구,area_sigungu,시도명과 시군구명을 함께 포함한 권장 매칭
경남창원시 마산회원구,경남창원시마산회원구,48,경상남도,48127,창원시 마산회원구,경상남도 창원시 마산회원구,area_sigungu,시도명과 시군구명을 함께 포함한 권장 매칭
경상남도창원시 마산회원,경상남도창원시마산회원,48,경상남도,48127,창원시 마산회원구,경상남도 창원시 마산회원구,area_sigungu,시도명과 시군구명을 함께 포함한 권장 매칭
경상남도창원시 마산회원구,경상남도창원시마산회원구,48,경상남도,48127,창원시 마산회원구,경상남도 창원시 마산회원구,area_sigungu,시도명과 시군구명을 함께 포함한 권장 매칭
진해,진해,48,경상남도,48129,창원시 진해구,경상남도 창원시 진해구,sigungu_only,시군구명 단독 매칭은 중복 지명이 있을 수 있어 필요하면 시도명을 추가로 확인
진해구,진해구,48,경상남도,48129,창원시 진해구,경상남도 창원시 진해구,sigungu_only,시군구명 단독 매칭은 중복 지명이 있을 수 있어 필요하면 시도명을 추가로 확인
경남진해,경남진해,48,경상남도,48129,창원시 진해구,경상남도 창원시 진해구,area_sigungu,시도명과 시군구명을 함께 포함한 권장 매칭
경남진해구,경남진해구,48,경상남도,48129,창원시 진해구,경상남도 창원시 진해구,area_sigungu,시도명과 시군구명을 함께 포함한 권장 매칭
경상남도진해,경상남도진해,48,경상남도,48129,창원시 진해구,경상남도 창원시 진해구,area_sigungu,시도명과 시군구명을 함께 포함한 권장 매칭
창원시 진해,창원시진해,48,경상남도,48129,창원시 진해구,경상남도 창원시 진해구,sigungu_only,시군구명 단독 매칭은 중복 지명이 있을 수 있어 필요하면 시도명을 추가로 확인
경상남도진해구,경상남도진해구,48,경상남도,48129,창원시 진해구,경상남도 창원시 진해구,area_sigungu,시도명과 시군구명을 함께 포함한 권장 매칭
창원시 진해구,창원시진해구,48,경상남도,48129,창원시 진해구,경상남도 창원시 진해구,sigungu_only,시군구명 단독 매칭은 중복 지명이 있을 수 있어 필요하면 시도명을 추가로 확인
경남창원시 진해,경남창원시진해,48,경상남도,48129,창원시 진해구,경상남도 창원시 진해구,area_sigungu,시도명과 시군구명을 함께 포함한 권장 매칭
경남창원시 진해구,경남창원시진해구,48,경상남도,48129,창원시 진해구,경상남도 창원시 진해구,area_sigungu,시도명과 시군구명을 함께 포함한 권장 매칭
경상남도창원시 진해,경상남도창원시진해,48,경상남도,48129,창원시 진해구,경상남도 창원시 진해구,area_sigungu,시도명과 시군구명을 함께 포함한 권장 매칭
경상남도창원시 진해구,경상남도창원시진해구,48,경상남도,48129,창원시 진해구,경상남도 창원시 진해구,area_sigungu,시도명과 시군구명을 함께 포함한 권장 매칭
진주,진주,48,경상남도,48170,진주시,경상남도 진주시,sigungu_only,시군구명 단독 매칭은 중복 지명이 있을 수 있어 필요하면 시도명을 추가로 확인
진주시,진주시,48,경상남도,48170,진주시,경상남도 진주시,sigungu_only,시군구명 단독 매칭은 중복 지명이 있을 수 있어 필요하면 시도명을 추가로 확인
경남진주,경남진주,48,경상남도,48170,진주시,경상남도 진주시,area_sigungu,시도명과 시군구명을 함께 포함한 권장 매칭
경남진주시,경남진주시,48,경상남도,48170,진주시,경상남도 진주시,area_sigungu,시도명과 시군구명을 함께 포함한 권장 매칭
경상남도진주,경상남도진주,48,경상남도,48170,진주시,경상남도 진주시,area_sigungu,시도명과 시군구명을 함께 포함한 권장 매칭
경상남도진주시,경상남도진주시,48,경상남도,48170,진주시,경상남도 진주시,area_sigungu,시도명과 시군구명을 함께 포함한 권장 매칭
통영,통영,48,경상남도,48220,통영시,경상남도 통영시,sigungu_only,시군구명 단독 매칭은 중복 지명이 있을 수 있어 필요하면 시도명을 추가로 확인
통영시,통영시,48,경상남도,48220,통영시,경상남도 통영시,sigungu_only,시군구명 단독 매칭은 중복 지명이 있을 수 있어 필요하면 시도명을 추가로 확인
경남통영,경남통영,48,경상남도,48220,통영시,경상남도 통영시,area_sigungu,시도명과 시군구명을 함께 포함한 권장 매칭
경남통영시,경남통영시,48,경상남도,48220,통영시,경상남도 통영시,area_sigungu,시도명과 시군구명을 함께 포함한 권장 매칭
경상남도통영,경상남도통영,48,경상남도,48220,통영시,경상남도 통영시,area_sigungu,시도명과 시군구명을 함께 포함한 권장 매칭
경상남도통영시,경상남도통영시,48,경상남도,48220,통영시,경상남도 통영시,area_sigungu,시도명과 시군구명을 함께 포함한 권장 매칭
사천,사천,48,경상남도,48240,사천시,경상남도 사천시,sigungu_only,시군구명 단독 매칭은 중복 지명이 있을 수 있어 필요하면 시도명을 추가로 확인
사천시,사천시,48,경상남도,48240,사천시,경상남도 사천시,sigungu_only,시군구명 단독 매칭은 중복 지명이 있을 수 있어 필요하면 시도명을 추가로 확인
경남사천,경남사천,48,경상남도,48240,사천시,경상남도 사천시,area_sigungu,시도명과 시군구명을 함께 포함한 권장 매칭
경남사천시,경남사천시,48,경상남도,48240,사천시,경상남도 사천시,area_sigungu,시도명과 시군구명을 함께 포함한 권장 매칭
경상남도사천,경상남도사천,48,경상남도,48240,사천시,경상남도 사천시,area_sigungu,시도명과 시군구명을 함께 포함한 권장 매칭
경상남도사천시,경상남도사천시,48,경상남도,48240,사천시,경상남도 사천시,area_sigungu,시도명과 시군구명을 함께 포함한 권장 매칭
김해,김해,48,경상남도,48250,김해시,경상남도 김해시,sigungu_only,시군구명 단독 매칭은 중복 지명이 있을 수 있어 필요하면 시도명을 추가로 확인
김해시,김해시,48,경상남도,48250,김해시,경상남도 김해시,sigungu_only,시군구명 단독 매칭은 중복 지명이 있을 수 있어 필요하면 시도명을 추가로 확인
경남김해,경남김해,48,경상남도,48250,김해시,경상남도 김해시,area_sigungu,시도명과 시군구명을 함께 포함한 권장 매칭
경남김해시,경남김해시,48,경상남도,48250,김해시,경상남도 김해시,area_sigungu,시도명과 시군구명을 함께 포함한 권장 매칭
경상남도김해,경상남도김해,48,경상남도,48250,김해시,경상남도 김해시,area_sigungu,시도명과 시군구명을 함께 포함한 권장 매칭
경상남도김해시,경상남도김해시,48,경상남도,48250,김해시,경상남도 김해시,area_sigungu,시도명과 시군구명을 함께 포함한 권장 매칭
밀양,밀양,48,경상남도,48270,밀양시,경상남도 밀양시,sigungu_only,시군구명 단독 매칭은 중복 지명이 있을 수 있어 필요하면 시도명을 추가로 확인
밀양시,밀양시,48,경상남도,48270,밀양시,경상남도 밀양시,sigungu_only,시군구명 단독 매칭은 중복 지명이 있을 수 있어 필요하면 시도명을 추가로 확인
경남밀양,경남밀양,48,경상남도,48270,밀양시,경상남도 밀양시,area_sigungu,시도명과 시군구명을 함께 포함한 권장 매칭
경남밀양시,경남밀양시,48,경상남도,48270,밀양시,경상남도 밀양시,area_sigungu,시도명과 시군구명을 함께 포함한 권장 매칭
경상남도밀양,경상남도밀양,48,경상남도,48270,밀양시,경상남도 밀양시,area_sigungu,시도명과 시군구명을 함께 포함한 권장 매칭
경상남도밀양시,경상남도밀양시,48,경상남도,48270,밀양시,경상남도 밀양시,area_sigungu,시도명과 시군구명을 함께 포함한 권장 매칭
거제,거제,48,경상남도,48310,거제시,경상남도 거제시,sigungu_only,시군구명 단독 매칭은 중복 지명이 있을 수 있어 필요하면 시도명을 추가로 확인
거제시,거제시,48,경상남도,48310,거제시,경상남도 거제시,sigungu_only,시군구명 단독 매칭은 중복 지명이 있을 수 있어 필요하면 시도명을 추가로 확인
경남거제,경남거제,48,경상남도,48310,거제시,경상남도 거제시,area_sigungu,시도명과 시군구명을 함께 포함한 권장 매칭
경남거제시,경남거제시,48,경상남도,48310,거제시,경상남도 거제시,area_sigungu,시도명과 시군구명을 함께 포함한 권장 매칭
경상남도거제,경상남도거제,48,경상남도,48310,거제시,경상남도 거제시,area_sigungu,시도명과 시군구명을 함께 포함한 권장 매칭
경상남도거제시,경상남도거제시,48,경상남도,48310,거제시,경상남도 거제시,area_sigungu,시도명과 시군구명을 함께 포함한 권장 매칭
양산,양산,48,경상남도,48330,양산시,경상남도 양산시,sigungu_only,시군구명 단독 매칭은 중복 지명이 있을 수 있어 필요하면 시도명을 추가로 확인
양산시,양산시,48,경상남도,48330,양산시,경상남도 양산시,sigungu_only,시군구명 단독 매칭은 중복 지명이 있을 수 있어 필요하면 시도명을 추가로 확인
경남양산,경남양산,48,경상남도,48330,양산시,경상남도 양산시,area_sigungu,시도명과 시군구명을 함께 포함한 권장 매칭
경남양산시,경남양산시,48,경상남도,48330,양산시,경상남도 양산시,area_sigungu,시도명과 시군구명을 함께 포함한 권장 매칭
경상남도양산,경상남도양산,48,경상남도,48330,양산시,경상남도 양산시,area_sigungu,시도명과 시군구명을 함께 포함한 권장 매칭
경상남도양산시,경상남도양산시,48,경상남도,48330,양산시,경상남도 양산시,area_sigungu,시도명과 시군구명을 함께 포함한 권장 매칭
의령,의령,48,경상남도,48720,의령군,경상남도 의령군,sigungu_only,시군구명 단독 매칭은 중복 지명이 있을 수 있어 필요하면 시도명을 추가로 확인
의령군,의령군,48,경상남도,48720,의령군,경상남도 의령군,sigungu_only,시군구명 단독 매칭은 중복 지명이 있을 수 있어 필요하면 시도명을 추가로 확인
경남의령,경남의령,48,경상남도,48720,의령군,경상남도 의령군,area_sigungu,시도명과 시군구명을 함께 포함한 권장 매칭
경남의령군,경남의령군,48,경상남도,48720,의령군,경상남도 의령군,area_sigungu,시도명과 시군구명을 함께 포함한 권장 매칭
경상남도의령,경상남도의령,48,경상남도,48720,의령군,경상남도 의령군,area_sigungu,시도명과 시군구명을 함께 포함한 권장 매칭
경상남도의령군,경상남도의령군,48,경상남도,48720,의령군,경상남도 의령군,area_sigungu,시도명과 시군구명을 함께 포함한 권장 매칭
함안,함안,48,경상남도,48730,함안군,경상남도 함안군,sigungu_only,시군구명 단독 매칭은 중복 지명이 있을 수 있어 필요하면 시도명을 추가로 확인
함안군,함안군,48,경상남도,48730,함안군,경상남도 함안군,sigungu_only,시군구명 단독 매칭은 중복 지명이 있을 수 있어 필요하면 시도명을 추가로 확인
경남함안,경남함안,48,경상남도,48730,함안군,경상남도 함안군,area_sigungu,시도명과 시군구명을 함께 포함한 권장 매칭
경남함안군,경남함안군,48,경상남도,48730,함안군,경상남도 함안군,area_sigungu,시도명과 시군구명을 함께 포함한 권장 매칭
경상남도함안,경상남도함안,48,경상남도,48730,함안군,경상남도 함안군,area_sigungu,시도명과 시군구명을 함께 포함한 권장 매칭
경상남도함안군,경상남도함안군,48,경상남도,48730,함안군,경상남도 함안군,area_sigungu,시도명과 시군구명을 함께 포함한 권장 매칭
창녕,창녕,48,경상남도,48740,창녕군,경상남도 창녕군,sigungu_only,시군구명 단독 매칭은 중복 지명이 있을 수 있어 필요하면 시도명을 추가로 확인
창녕군,창녕군,48,경상남도,48740,창녕군,경상남도 창녕군,sigungu_only,시군구명 단독 매칭은 중복 지명이 있을 수 있어 필요하면 시도명을 추가로 확인
경남창녕,경남창녕,48,경상남도,48740,창녕군,경상남도 창녕군,area_sigungu,시도명과 시군구명을 함께 포함한 권장 매칭
경남창녕군,경남창녕군,48,경상남도,48740,창녕군,경상남도 창녕군,area_sigungu,시도명과 시군구명을 함께 포함한 권장 매칭
경상남도창녕,경상남도창녕,48,경상남도,48740,창녕군,경상남도 창녕군,area_sigungu,시도명과 시군구명을 함께 포함한 권장 매칭
경상남도창녕군,경상남도창녕군,48,경상남도,48740,창녕군,경상남도 창녕군,area_sigungu,시도명과 시군구명을 함께 포함한 권장 매칭
고성,고성,48,경상남도,48820,고성군,경상남도 고성군,sigungu_only,시군구명 단독 매칭은 중복 지명이 있을 수 있어 필요하면 시도명을 추가로 확인
고성군,고성군,48,경상남도,48820,고성군,경상남도 고성군,sigungu_only,시군구명 단독 매칭은 중복 지명이 있을 수 있어 필요하면 시도명을 추가로 확인
경남고성,경남고성,48,경상남도,48820,고성군,경상남도 고성군,area_sigungu,시도명과 시군구명을 함께 포함한 권장 매칭
경남고성군,경남고성군,48,경상남도,48820,고성군,경상남도 고성군,area_sigungu,시도명과 시군구명을 함께 포함한 권장 매칭
경상남도고성,경상남도고성,48,경상남도,48820,고성군,경상남도 고성군,area_sigungu,시도명과 시군구명을 함께 포함한 권장 매칭
경상남도고성군,경상남도고성군,48,경상남도,48820,고성군,경상남도 고성군,area_sigungu,시도명과 시군구명을 함께 포함한 권장 매칭
남해,남해,48,경상남도,48840,남해군,경상남도 남해군,sigungu_only,시군구명 단독 매칭은 중복 지명이 있을 수 있어 필요하면 시도명을 추가로 확인
남해군,남해군,48,경상남도,48840,남해군,경상남도 남해군,sigungu_only,시군구명 단독 매칭은 중복 지명이 있을 수 있어 필요하면 시도명을 추가로 확인
경남남해,경남남해,48,경상남도,48840,남해군,경상남도 남해군,area_sigungu,시도명과 시군구명을 함께 포함한 권장 매칭
경남남해군,경남남해군,48,경상남도,48840,남해군,경상남도 남해군,area_sigungu,시도명과 시군구명을 함께 포함한 권장 매칭
경상남도남해,경상남도남해,48,경상남도,48840,남해군,경상남도 남해군,area_sigungu,시도명과 시군구명을 함께 포함한 권장 매칭
경상남도남해군,경상남도남해군,48,경상남도,48840,남해군,경상남도 남해군,area_sigungu,시도명과 시군구명을 함께 포함한 권장 매칭
하동,하동,48,경상남도,48850,하동군,경상남도 하동군,sigungu_only,시군구명 단독 매칭은 중복 지명이 있을 수 있어 필요하면 시도명을 추가로 확인
하동군,하동군,48,경상남도,48850,하동군,경상남도 하동군,sigungu_only,시군구명 단독 매칭은 중복 지명이 있을 수 있어 필요하면 시도명을 추가로 확인
경남하동,경남하동,48,경상남도,48850,하동군,경상남도 하동군,area_sigungu,시도명과 시군구명을 함께 포함한 권장 매칭
경남하동군,경남하동군,48,경상남도,48850,하동군,경상남도 하동군,area_sigungu,시도명과 시군구명을 함께 포함한 권장 매칭
경상남도하동,경상남도하동,48,경상남도,48850,하동군,경상남도 하동군,area_sigungu,시도명과 시군구명을 함께 포함한 권장 매칭
경상남도하동군,경상남도하동군,48,경상남도,48850,하동군,경상남도 하동군,area_sigungu,시도명과 시군구명을 함께 포함한 권장 매칭
산청,산청,48,경상남도,48860,산청군,경상남도 산청군,sigungu_only,시군구명 단독 매칭은 중복 지명이 있을 수 있어 필요하면 시도명을 추가로 확인
산청군,산청군,48,경상남도,48860,산청군,경상남도 산청군,sigungu_only,시군구명 단독 매칭은 중복 지명이 있을 수 있어 필요하면 시도명을 추가로 확인
경남산청,경남산청,48,경상남도,48860,산청군,경상남도 산청군,area_sigungu,시도명과 시군구명을 함께 포함한 권장 매칭
경남산청군,경남산청군,48,경상남도,48860,산청군,경상남도 산청군,area_sigungu,시도명과 시군구명을 함께 포함한 권장 매칭
경상남도산청,경상남도산청,48,경상남도,48860,산청군,경상남도 산청군,area_sigungu,시도명과 시군구명을 함께 포함한 권장 매칭
경상남도산청군,경상남도산청군,48,경상남도,48860,산청군,경상남도 산청군,area_sigungu,시도명과 시군구명을 함께 포함한 권장 매칭
함양,함양,48,경상남도,48870,함양군,경상남도 함양군,sigungu_only,시군구명 단독 매칭은 중복 지명이 있을 수 있어 필요하면 시도명을 추가로 확인
함양군,함양군,48,경상남도,48870,함양군,경상남도 함양군,sigungu_only,시군구명 단독 매칭은 중복 지명이 있을 수 있어 필요하면 시도명을 추가로 확인
경남함양,경남함양,48,경상남도,48870,함양군,경상남도 함양군,area_sigungu,시도명과 시군구명을 함께 포함한 권장 매칭
경남함양군,경남함양군,48,경상남도,48870,함양군,경상남도 함양군,area_sigungu,시도명과 시군구명을 함께 포함한 권장 매칭
경상남도함양,경상남도함양,48,경상남도,48870,함양군,경상남도 함양군,area_sigungu,시도명과 시군구명을 함께 포함한 권장 매칭
경상남도함양군,경상남도함양군,48,경상남도,48870,함양군,경상남도 함양군,area_sigungu,시도명과 시군구명을 함께 포함한 권장 매칭
거창,거창,48,경상남도,48880,거창군,경상남도 거창군,sigungu_only,시군구명 단독 매칭은 중복 지명이 있을 수 있어 필요하면 시도명을 추가로 확인
거창군,거창군,48,경상남도,48880,거창군,경상남도 거창군,sigungu_only,시군구명 단독 매칭은 중복 지명이 있을 수 있어 필요하면 시도명을 추가로 확인
경남거창,경남거창,48,경상남도,48880,거창군,경상남도 거창군,area_sigungu,시도명과 시군구명을 함께 포함한 권장 매칭
경남거창군,경남거창군,48,경상남도,48880,거창군,경상남도 거창군,area_sigungu,시도명과 시군구명을 함께 포함한 권장 매칭
경상남도거창,경상남도거창,48,경상남도,48880,거창군,경상남도 거창군,area_sigungu,시도명과 시군구명을 함께 포함한 권장 매칭
경상남도거창군,경상남도거창군,48,경상남도,48880,거창군,경상남도 거창군,area_sigungu,시도명과 시군구명을 함께 포함한 권장 매칭
합천,합천,48,경상남도,48890,합천군,경상남도 합천군,sigungu_only,시군구명 단독 매칭은 중복 지명이 있을 수 있어 필요하면 시도명을 추가로 확인
합천군,합천군,48,경상남도,48890,합천군,경상남도 합천군,sigungu_only,시군구명 단독 매칭은 중복 지명이 있을 수 있어 필요하면 시도명을 추가로 확인
경남합천,경남합천,48,경상남도,48890,합천군,경상남도 합천군,area_sigungu,시도명과 시군구명을 함께 포함한 권장 매칭
경남합천군,경남합천군,48,경상남도,48890,합천군,경상남도 합천군,area_sigungu,시도명과 시군구명을 함께 포함한 권장 매칭
경상남도합천,경상남도합천,48,경상남도,48890,합천군,경상남도 합천군,area_sigungu,시도명과 시군구명을 함께 포함한 권장 매칭
경상남도합천군,경상남도합천군,48,경상남도,48890,합천군,경상남도 합천군,area_sigungu,시도명과 시군구명을 함께 포함한 권장 매칭
제주,제주,50,제주특별자치도,50110,제주시,제주특별자치도 제주시,sigungu_only,시군구명 단독 매칭은 중복 지명이 있을 수 있어 필요하면 시도명을 추가로 확인
제주시,제주시,50,제주특별자치도,50110,제주시,제주특별자치도 제주시,sigungu_only,시군구명 단독 매칭은 중복 지명이 있을 수 있어 필요하면 시도명을 추가로 확인
제주제주,제주제주,50,제주특별자치도,50110,제주시,제주특별자치도 제주시,area_sigungu,시도명과 시군구명을 함께 포함한 권장 매칭
제주도제주,제주도제주,50,제주특별자치도,50110,제주시,제주특별자치도 제주시,area_sigungu,시도명과 시군구명을 함께 포함한 권장 매칭
제주제주시,제주제주시,50,제주특별자치도,50110,제주시,제주특별자치도 제주시,area_sigungu,시도명과 시군구명을 함께 포함한 권장 매칭
제주도제주시,제주도제주시,50,제주특별자치도,50110,제주시,제주특별자치도 제주시,area_sigungu,시도명과 시군구명을 함께 포함한 권장 매칭
제주특별자치도제주,제주특별자치도제주,50,제주특별자치도,50110,제주시,제주특별자치도 제주시,area_sigungu,시도명과 시군구명을 함께 포함한 권장 매칭
제주특별자치도제주시,제주특별자치도제주시,50,제주특별자치도,50110,제주시,제주특별자치도 제주시,area_sigungu,시도명과 시군구명을 함께 포함한 권장 매칭
서귀포,서귀포,50,제주특별자치도,50130,서귀포시,제주특별자치도 서귀포시,sigungu_only,시군구명 단독 매칭은 중복 지명이 있을 수 있어 필요하면 시도명을 추가로 확인
서귀포시,서귀포시,50,제주특별자치도,50130,서귀포시,제주특별자치도 서귀포시,sigungu_only,시군구명 단독 매칭은 중복 지명이 있을 수 있어 필요하면 시도명을 추가로 확인
제주서귀포,제주서귀포,50,제주특별자치도,50130,서귀포시,제주특별자치도 서귀포시,area_sigungu,시도명과 시군구명을 함께 포함한 권장 매칭
제주도서귀포,제주도서귀포,50,제주특별자치도,50130,서귀포시,제주특별자치도 서귀포시,area_sigungu,시도명과 시군구명을 함께 포함한 권장 매칭
제주서귀포시,제주서귀포시,50,제주특별자치도,50130,서귀포시,제주특별자치도 서귀포시,area_sigungu,시도명과 시군구명을 함께 포함한 권장 매칭
제주도서귀포시,제주도서귀포시,50,제주특별자치도,50130,서귀포시,제주특별자치도 서귀포시,area_sigungu,시도명과 시군구명을 함께 포함한 권장 매칭
제주특별자치도서귀포,제주특별자치도서귀포,50,제주특별자치도,50130,서귀포시,제주특별자치도 서귀포시,area_sigungu,시도명과 시군구명을 함께 포함한 권장 매칭
제주특별자치도서귀포시,제주특별자치도서귀포시,50,제주특별자치도,50130,서귀포시,제주특별자치도 서귀포시,area_sigungu,시도명과 시군구명을 함께 포함한 권장 매칭
춘천,춘천,51,강원특별자치도,51110,춘천시,강원특별자치도 춘천시,sigungu_only,시군구명 단독 매칭은 중복 지명이 있을 수 있어 필요하면 시도명을 추가로 확인
춘천시,춘천시,51,강원특별자치도,51110,춘천시,강원특별자치도 춘천시,sigungu_only,시군구명 단독 매칭은 중복 지명이 있을 수 있어 필요하면 시도명을 추가로 확인
강원춘천,강원춘천,51,강원특별자치도,51110,춘천시,강원특별자치도 춘천시,area_sigungu,시도명과 시군구명을 함께 포함한 권장 매칭
강원도춘천,강원도춘천,51,강원특별자치도,51110,춘천시,강원특별자치도 춘천시,area_sigungu,시도명과 시군구명을 함께 포함한 권장 매칭
강원춘천시,강원춘천시,51,강원특별자치도,51110,춘천시,강원특별자치도 춘천시,area_sigungu,시도명과 시군구명을 함께 포함한 권장 매칭
강원도춘천시,강원도춘천시,51,강원특별자치도,51110,춘천시,강원특별자치도 춘천시,area_sigungu,시도명과 시군구명을 함께 포함한 권장 매칭
강원특별자치도춘천,강원특별자치도춘천,51,강원특별자치도,51110,춘천시,강원특별자치도 춘천시,area_sigungu,시도명과 시군구명을 함께 포함한 권장 매칭
강원특별자치도춘천시,강원특별자치도춘천시,51,강원특별자치도,51110,춘천시,강원특별자치도 춘천시,area_sigungu,시도명과 시군구명을 함께 포함한 권장 매칭
원주,원주,51,강원특별자치도,51130,원주시,강원특별자치도 원주시,sigungu_only,시군구명 단독 매칭은 중복 지명이 있을 수 있어 필요하면 시도명을 추가로 확인
원주시,원주시,51,강원특별자치도,51130,원주시,강원특별자치도 원주시,sigungu_only,시군구명 단독 매칭은 중복 지명이 있을 수 있어 필요하면 시도명을 추가로 확인
강원원주,강원원주,51,강원특별자치도,51130,원주시,강원특별자치도 원주시,area_sigungu,시도명과 시군구명을 함께 포함한 권장 매칭
강원도원주,강원도원주,51,강원특별자치도,51130,원주시,강원특별자치도 원주시,area_sigungu,시도명과 시군구명을 함께 포함한 권장 매칭
강원원주시,강원원주시,51,강원특별자치도,51130,원주시,강원특별자치도 원주시,area_sigungu,시도명과 시군구명을 함께 포함한 권장 매칭
강원도원주시,강원도원주시,51,강원특별자치도,51130,원주시,강원특별자치도 원주시,area_sigungu,시도명과 시군구명을 함께 포함한 권장 매칭
강원특별자치도원주,강원특별자치도원주,51,강원특별자치도,51130,원주시,강원특별자치도 원주시,area_sigungu,시도명과 시군구명을 함께 포함한 권장 매칭
강원특별자치도원주시,강원특별자치도원주시,51,강원특별자치도,51130,원주시,강원특별자치도 원주시,area_sigungu,시도명과 시군구명을 함께 포함한 권장 매칭
강릉,강릉,51,강원특별자치도,51150,강릉시,강원특별자치도 강릉시,sigungu_only,시군구명 단독 매칭은 중복 지명이 있을 수 있어 필요하면 시도명을 추가로 확인
강릉시,강릉시,51,강원특별자치도,51150,강릉시,강원특별자치도 강릉시,sigungu_only,시군구명 단독 매칭은 중복 지명이 있을 수 있어 필요하면 시도명을 추가로 확인
강원강릉,강원강릉,51,강원특별자치도,51150,강릉시,강원특별자치도 강릉시,area_sigungu,시도명과 시군구명을 함께 포함한 권장 매칭
강원강릉시,강원강릉시,51,강원특별자치도,51150,강릉시,강원특별자치도 강릉시,area_sigungu,시도명과 시군구명을 함께 포함한 권장 매칭
강원도강릉,강원도강릉,51,강원특별자치도,51150,강릉시,강원특별자치도 강릉시,area_sigungu,시도명과 시군구명을 함께 포함한 권장 매칭
강원도강릉시,강원도강릉시,51,강원특별자치도,51150,강릉시,강원특별자치도 강릉시,area_sigungu,시도명과 시군구명을 함께 포함한 권장 매칭
강원특별자치도강릉,강원특별자치도강릉,51,강원특별자치도,51150,강릉시,강원특별자치도 강릉시,area_sigungu,시도명과 시군구명을 함께 포함한 권장 매칭
강원특별자치도강릉시,강원특별자치도강릉시,51,강원특별자치도,51150,강릉시,강원특별자치도 강릉시,area_sigungu,시도명과 시군구명을 함께 포함한 권장 매칭
동해,동해,51,강원특별자치도,51170,동해시,강원특별자치도 동해시,sigungu_only,시군구명 단독 매칭은 중복 지명이 있을 수 있어 필요하면 시도명을 추가로 확인
동해시,동해시,51,강원특별자치도,51170,동해시,강원특별자치도 동해시,sigungu_only,시군구명 단독 매칭은 중복 지명이 있을 수 있어 필요하면 시도명을 추가로 확인
강원동해,강원동해,51,강원특별자치도,51170,동해시,강원특별자치도 동해시,area_sigungu,시도명과 시군구명을 함께 포함한 권장 매칭
강원도동해,강원도동해,51,강원특별자치도,51170,동해시,강원특별자치도 동해시,area_sigungu,시도명과 시군구명을 함께 포함한 권장 매칭
강원동해시,강원동해시,51,강원특별자치도,51170,동해시,강원특별자치도 동해시,area_sigungu,시도명과 시군구명을 함께 포함한 권장 매칭
강원도동해시,강원도동해시,51,강원특별자치도,51170,동해시,강원특별자치도 동해시,area_sigungu,시도명과 시군구명을 함께 포함한 권장 매칭
강원특별자치도동해,강원특별자치도동해,51,강원특별자치도,51170,동해시,강원특별자치도 동해시,area_sigungu,시도명과 시군구명을 함께 포함한 권장 매칭
강원특별자치도동해시,강원특별자치도동해시,51,강원특별자치도,51170,동해시,강원특별자치도 동해시,area_sigungu,시도명과 시군구명을 함께 포함한 권장 매칭
태백,태백,51,강원특별자치도,51190,태백시,강원특별자치도 태백시,sigungu_only,시군구명 단독 매칭은 중복 지명이 있을 수 있어 필요하면 시도명을 추가로 확인
태백시,태백시,51,강원특별자치도,51190,태백시,강원특별자치도 태백시,sigungu_only,시군구명 단독 매칭은 중복 지명이 있을 수 있어 필요하면 시도명을 추가로 확인
강원태백,강원태백,51,강원특별자치도,51190,태백시,강원특별자치도 태백시,area_sigungu,시도명과 시군구명을 함께 포함한 권장 매칭
강원도태백,강원도태백,51,강원특별자치도,51190,태백시,강원특별자치도 태백시,area_sigungu,시도명과 시군구명을 함께 포함한 권장 매칭
강원태백시,강원태백시,51,강원특별자치도,51190,태백시,강원특별자치도 태백시,area_sigungu,시도명과 시군구명을 함께 포함한 권장 매칭
강원도태백시,강원도태백시,51,강원특별자치도,51190,태백시,강원특별자치도 태백시,area_sigungu,시도명과 시군구명을 함께 포함한 권장 매칭
강원특별자치도태백,강원특별자치도태백,51,강원특별자치도,51190,태백시,강원특별자치도 태백시,area_sigungu,시도명과 시군구명을 함께 포함한 권장 매칭
강원특별자치도태백시,강원특별자치도태백시,51,강원특별자치도,51190,태백시,강원특별자치도 태백시,area_sigungu,시도명과 시군구명을 함께 포함한 권장 매칭
속초,속초,51,강원특별자치도,51210,속초시,강원특별자치도 속초시,sigungu_only,시군구명 단독 매칭은 중복 지명이 있을 수 있어 필요하면 시도명을 추가로 확인
속초시,속초시,51,강원특별자치도,51210,속초시,강원특별자치도 속초시,sigungu_only,시군구명 단독 매칭은 중복 지명이 있을 수 있어 필요하면 시도명을 추가로 확인
강원속초,강원속초,51,강원특별자치도,51210,속초시,강원특별자치도 속초시,area_sigungu,시도명과 시군구명을 함께 포함한 권장 매칭
강원도속초,강원도속초,51,강원특별자치도,51210,속초시,강원특별자치도 속초시,area_sigungu,시도명과 시군구명을 함께 포함한 권장 매칭
강원속초시,강원속초시,51,강원특별자치도,51210,속초시,강원특별자치도 속초시,area_sigungu,시도명과 시군구명을 함께 포함한 권장 매칭
강원도속초시,강원도속초시,51,강원특별자치도,51210,속초시,강원특별자치도 속초시,area_sigungu,시도명과 시군구명을 함께 포함한 권장 매칭
강원특별자치도속초,강원특별자치도속초,51,강원특별자치도,51210,속초시,강원특별자치도 속초시,area_sigungu,시도명과 시군구명을 함께 포함한 권장 매칭
강원특별자치도속초시,강원특별자치도속초시,51,강원특별자치도,51210,속초시,강원특별자치도 속초시,area_sigungu,시도명과 시군구명을 함께 포함한 권장 매칭
삼척,삼척,51,강원특별자치도,51230,삼척시,강원특별자치도 삼척시,sigungu_only,시군구명 단독 매칭은 중복 지명이 있을 수 있어 필요하면 시도명을 추가로 확인
삼척시,삼척시,51,강원특별자치도,51230,삼척시,강원특별자치도 삼척시,sigungu_only,시군구명 단독 매칭은 중복 지명이 있을 수 있어 필요하면 시도명을 추가로 확인
강원삼척,강원삼척,51,강원특별자치도,51230,삼척시,강원특별자치도 삼척시,area_sigungu,시도명과 시군구명을 함께 포함한 권장 매칭
강원도삼척,강원도삼척,51,강원특별자치도,51230,삼척시,강원특별자치도 삼척시,area_sigungu,시도명과 시군구명을 함께 포함한 권장 매칭
강원삼척시,강원삼척시,51,강원특별자치도,51230,삼척시,강원특별자치도 삼척시,area_sigungu,시도명과 시군구명을 함께 포함한 권장 매칭
강원도삼척시,강원도삼척시,51,강원특별자치도,51230,삼척시,강원특별자치도 삼척시,area_sigungu,시도명과 시군구명을 함께 포함한 권장 매칭
강원특별자치도삼척,강원특별자치도삼척,51,강원특별자치도,51230,삼척시,강원특별자치도 삼척시,area_sigungu,시도명과 시군구명을 함께 포함한 권장 매칭
강원특별자치도삼척시,강원특별자치도삼척시,51,강원특별자치도,51230,삼척시,강원특별자치도 삼척시,area_sigungu,시도명과 시군구명을 함께 포함한 권장 매칭
홍천,홍천,51,강원특별자치도,51720,홍천군,강원특별자치도 홍천군,sigungu_only,시군구명 단독 매칭은 중복 지명이 있을 수 있어 필요하면 시도명을 추가로 확인
홍천군,홍천군,51,강원특별자치도,51720,홍천군,강원특별자치도 홍천군,sigungu_only,시군구명 단독 매칭은 중복 지명이 있을 수 있어 필요하면 시도명을 추가로 확인
강원홍천,강원홍천,51,강원특별자치도,51720,홍천군,강원특별자치도 홍천군,area_sigungu,시도명과 시군구명을 함께 포함한 권장 매칭
강원도홍천,강원도홍천,51,강원특별자치도,51720,홍천군,강원특별자치도 홍천군,area_sigungu,시도명과 시군구명을 함께 포함한 권장 매칭
강원홍천군,강원홍천군,51,강원특별자치도,51720,홍천군,강원특별자치도 홍천군,area_sigungu,시도명과 시군구명을 함께 포함한 권장 매칭
강원도홍천군,강원도홍천군,51,강원특별자치도,51720,홍천군,강원특별자치도 홍천군,area_sigungu,시도명과 시군구명을 함께 포함한 권장 매칭
강원특별자치도홍천,강원특별자치도홍천,51,강원특별자치도,51720,홍천군,강원특별자치도 홍천군,area_sigungu,시도명과 시군구명을 함께 포함한 권장 매칭
강원특별자치도홍천군,강원특별자치도홍천군,51,강원특별자치도,51720,홍천군,강원특별자치도 홍천군,area_sigungu,시도명과 시군구명을 함께 포함한 권장 매칭
횡성,횡성,51,강원특별자치도,51730,횡성군,강원특별자치도 횡성군,sigungu_only,시군구명 단독 매칭은 중복 지명이 있을 수 있어 필요하면 시도명을 추가로 확인
횡성군,횡성군,51,강원특별자치도,51730,횡성군,강원특별자치도 횡성군,sigungu_only,시군구명 단독 매칭은 중복 지명이 있을 수 있어 필요하면 시도명을 추가로 확인
강원횡성,강원횡성,51,강원특별자치도,51730,횡성군,강원특별자치도 횡성군,area_sigungu,시도명과 시군구명을 함께 포함한 권장 매칭
강원도횡성,강원도횡성,51,강원특별자치도,51730,횡성군,강원특별자치도 횡성군,area_sigungu,시도명과 시군구명을 함께 포함한 권장 매칭
강원횡성군,강원횡성군,51,강원특별자치도,51730,횡성군,강원특별자치도 횡성군,area_sigungu,시도명과 시군구명을 함께 포함한 권장 매칭
강원도횡성군,강원도횡성군,51,강원특별자치도,51730,횡성군,강원특별자치도 횡성군,area_sigungu,시도명과 시군구명을 함께 포함한 권장 매칭
강원특별자치도횡성,강원특별자치도횡성,51,강원특별자치도,51730,횡성군,강원특별자치도 횡성군,area_sigungu,시도명과 시군구명을 함께 포함한 권장 매칭
강원특별자치도횡성군,강원특별자치도횡성군,51,강원특별자치도,51730,횡성군,강원특별자치도 횡성군,area_sigungu,시도명과 시군구명을 함께 포함한 권장 매칭
영월,영월,51,강원특별자치도,51750,영월군,강원특별자치도 영월군,sigungu_only,시군구명 단독 매칭은 중복 지명이 있을 수 있어 필요하면 시도명을 추가로 확인
영월군,영월군,51,강원특별자치도,51750,영월군,강원특별자치도 영월군,sigungu_only,시군구명 단독 매칭은 중복 지명이 있을 수 있어 필요하면 시도명을 추가로 확인
강원영월,강원영월,51,강원특별자치도,51750,영월군,강원특별자치도 영월군,area_sigungu,시도명과 시군구명을 함께 포함한 권장 매칭
강원도영월,강원도영월,51,강원특별자치도,51750,영월군,강원특별자치도 영월군,area_sigungu,시도명과 시군구명을 함께 포함한 권장 매칭
강원영월군,강원영월군,51,강원특별자치도,51750,영월군,강원특별자치도 영월군,area_sigungu,시도명과 시군구명을 함께 포함한 권장 매칭
강원도영월군,강원도영월군,51,강원특별자치도,51750,영월군,강원특별자치도 영월군,area_sigungu,시도명과 시군구명을 함께 포함한 권장 매칭
강원특별자치도영월,강원특별자치도영월,51,강원특별자치도,51750,영월군,강원특별자치도 영월군,area_sigungu,시도명과 시군구명을 함께 포함한 권장 매칭
강원특별자치도영월군,강원특별자치도영월군,51,강원특별자치도,51750,영월군,강원특별자치도 영월군,area_sigungu,시도명과 시군구명을 함께 포함한 권장 매칭
평창,평창,51,강원특별자치도,51760,평창군,강원특별자치도 평창군,sigungu_only,시군구명 단독 매칭은 중복 지명이 있을 수 있어 필요하면 시도명을 추가로 확인
평창군,평창군,51,강원특별자치도,51760,평창군,강원특별자치도 평창군,sigungu_only,시군구명 단독 매칭은 중복 지명이 있을 수 있어 필요하면 시도명을 추가로 확인
강원평창,강원평창,51,강원특별자치도,51760,평창군,강원특별자치도 평창군,area_sigungu,시도명과 시군구명을 함께 포함한 권장 매칭
강원도평창,강원도평창,51,강원특별자치도,51760,평창군,강원특별자치도 평창군,area_sigungu,시도명과 시군구명을 함께 포함한 권장 매칭
강원평창군,강원평창군,51,강원특별자치도,51760,평창군,강원특별자치도 평창군,area_sigungu,시도명과 시군구명을 함께 포함한 권장 매칭
강원도평창군,강원도평창군,51,강원특별자치도,51760,평창군,강원특별자치도 평창군,area_sigungu,시도명과 시군구명을 함께 포함한 권장 매칭
강원특별자치도평창,강원특별자치도평창,51,강원특별자치도,51760,평창군,강원특별자치도 평창군,area_sigungu,시도명과 시군구명을 함께 포함한 권장 매칭
강원특별자치도평창군,강원특별자치도평창군,51,강원특별자치도,51760,평창군,강원특별자치도 평창군,area_sigungu,시도명과 시군구명을 함께 포함한 권장 매칭
정선,정선,51,강원특별자치도,51770,정선군,강원특별자치도 정선군,sigungu_only,시군구명 단독 매칭은 중복 지명이 있을 수 있어 필요하면 시도명을 추가로 확인
정선군,정선군,51,강원특별자치도,51770,정선군,강원특별자치도 정선군,sigungu_only,시군구명 단독 매칭은 중복 지명이 있을 수 있어 필요하면 시도명을 추가로 확인
강원정선,강원정선,51,강원특별자치도,51770,정선군,강원특별자치도 정선군,area_sigungu,시도명과 시군구명을 함께 포함한 권장 매칭
강원도정선,강원도정선,51,강원특별자치도,51770,정선군,강원특별자치도 정선군,area_sigungu,시도명과 시군구명을 함께 포함한 권장 매칭
강원정선군,강원정선군,51,강원특별자치도,51770,정선군,강원특별자치도 정선군,area_sigungu,시도명과 시군구명을 함께 포함한 권장 매칭
강원도정선군,강원도정선군,51,강원특별자치도,51770,정선군,강원특별자치도 정선군,area_sigungu,시도명과 시군구명을 함께 포함한 권장 매칭
강원특별자치도정선,강원특별자치도정선,51,강원특별자치도,51770,정선군,강원특별자치도 정선군,area_sigungu,시도명과 시군구명을 함께 포함한 권장 매칭
강원특별자치도정선군,강원특별자치도정선군,51,강원특별자치도,51770,정선군,강원특별자치도 정선군,area_sigungu,시도명과 시군구명을 함께 포함한 권장 매칭
철원,철원,51,강원특별자치도,51780,철원군,강원특별자치도 철원군,sigungu_only,시군구명 단독 매칭은 중복 지명이 있을 수 있어 필요하면 시도명을 추가로 확인
철원군,철원군,51,강원특별자치도,51780,철원군,강원특별자치도 철원군,sigungu_only,시군구명 단독 매칭은 중복 지명이 있을 수 있어 필요하면 시도명을 추가로 확인
강원철원,강원철원,51,강원특별자치도,51780,철원군,강원특별자치도 철원군,area_sigungu,시도명과 시군구명을 함께 포함한 권장 매칭
강원도철원,강원도철원,51,강원특별자치도,51780,철원군,강원특별자치도 철원군,area_sigungu,시도명과 시군구명을 함께 포함한 권장 매칭
강원철원군,강원철원군,51,강원특별자치도,51780,철원군,강원특별자치도 철원군,area_sigungu,시도명과 시군구명을 함께 포함한 권장 매칭
강원도철원군,강원도철원군,51,강원특별자치도,51780,철원군,강원특별자치도 철원군,area_sigungu,시도명과 시군구명을 함께 포함한 권장 매칭
강원특별자치도철원,강원특별자치도철원,51,강원특별자치도,51780,철원군,강원특별자치도 철원군,area_sigungu,시도명과 시군구명을 함께 포함한 권장 매칭
강원특별자치도철원군,강원특별자치도철원군,51,강원특별자치도,51780,철원군,강원특별자치도 철원군,area_sigungu,시도명과 시군구명을 함께 포함한 권장 매칭
화천,화천,51,강원특별자치도,51790,화천군,강원특별자치도 화천군,sigungu_only,시군구명 단독 매칭은 중복 지명이 있을 수 있어 필요하면 시도명을 추가로 확인
화천군,화천군,51,강원특별자치도,51790,화천군,강원특별자치도 화천군,sigungu_only,시군구명 단독 매칭은 중복 지명이 있을 수 있어 필요하면 시도명을 추가로 확인
강원화천,강원화천,51,강원특별자치도,51790,화천군,강원특별자치도 화천군,area_sigungu,시도명과 시군구명을 함께 포함한 권장 매칭
강원도화천,강원도화천,51,강원특별자치도,51790,화천군,강원특별자치도 화천군,area_sigungu,시도명과 시군구명을 함께 포함한 권장 매칭
강원화천군,강원화천군,51,강원특별자치도,51790,화천군,강원특별자치도 화천군,area_sigungu,시도명과 시군구명을 함께 포함한 권장 매칭
강원도화천군,강원도화천군,51,강원특별자치도,51790,화천군,강원특별자치도 화천군,area_sigungu,시도명과 시군구명을 함께 포함한 권장 매칭
강원특별자치도화천,강원특별자치도화천,51,강원특별자치도,51790,화천군,강원특별자치도 화천군,area_sigungu,시도명과 시군구명을 함께 포함한 권장 매칭
강원특별자치도화천군,강원특별자치도화천군,51,강원특별자치도,51790,화천군,강원특별자치도 화천군,area_sigungu,시도명과 시군구명을 함께 포함한 권장 매칭
양구,양구,51,강원특별자치도,51800,양구군,강원특별자치도 양구군,sigungu_only,시군구명 단독 매칭은 중복 지명이 있을 수 있어 필요하면 시도명을 추가로 확인
양구군,양구군,51,강원특별자치도,51800,양구군,강원특별자치도 양구군,sigungu_only,시군구명 단독 매칭은 중복 지명이 있을 수 있어 필요하면 시도명을 추가로 확인
강원양구,강원양구,51,강원특별자치도,51800,양구군,강원특별자치도 양구군,area_sigungu,시도명과 시군구명을 함께 포함한 권장 매칭
강원도양구,강원도양구,51,강원특별자치도,51800,양구군,강원특별자치도 양구군,area_sigungu,시도명과 시군구명을 함께 포함한 권장 매칭
강원양구군,강원양구군,51,강원특별자치도,51800,양구군,강원특별자치도 양구군,area_sigungu,시도명과 시군구명을 함께 포함한 권장 매칭
강원도양구군,강원도양구군,51,강원특별자치도,51800,양구군,강원특별자치도 양구군,area_sigungu,시도명과 시군구명을 함께 포함한 권장 매칭
강원특별자치도양구,강원특별자치도양구,51,강원특별자치도,51800,양구군,강원특별자치도 양구군,area_sigungu,시도명과 시군구명을 함께 포함한 권장 매칭
강원특별자치도양구군,강원특별자치도양구군,51,강원특별자치도,51800,양구군,강원특별자치도 양구군,area_sigungu,시도명과 시군구명을 함께 포함한 권장 매칭
인제,인제,51,강원특별자치도,51810,인제군,강원특별자치도 인제군,sigungu_only,시군구명 단독 매칭은 중복 지명이 있을 수 있어 필요하면 시도명을 추가로 확인
인제군,인제군,51,강원특별자치도,51810,인제군,강원특별자치도 인제군,sigungu_only,시군구명 단독 매칭은 중복 지명이 있을 수 있어 필요하면 시도명을 추가로 확인
강원인제,강원인제,51,강원특별자치도,51810,인제군,강원특별자치도 인제군,area_sigungu,시도명과 시군구명을 함께 포함한 권장 매칭
강원도인제,강원도인제,51,강원특별자치도,51810,인제군,강원특별자치도 인제군,area_sigungu,시도명과 시군구명을 함께 포함한 권장 매칭
강원인제군,강원인제군,51,강원특별자치도,51810,인제군,강원특별자치도 인제군,area_sigungu,시도명과 시군구명을 함께 포함한 권장 매칭
강원도인제군,강원도인제군,51,강원특별자치도,51810,인제군,강원특별자치도 인제군,area_sigungu,시도명과 시군구명을 함께 포함한 권장 매칭
강원특별자치도인제,강원특별자치도인제,51,강원특별자치도,51810,인제군,강원특별자치도 인제군,area_sigungu,시도명과 시군구명을 함께 포함한 권장 매칭
강원특별자치도인제군,강원특별자치도인제군,51,강원특별자치도,51810,인제군,강원특별자치도 인제군,area_sigungu,시도명과 시군구명을 함께 포함한 권장 매칭
고성,고성,51,강원특별자치도,51820,고성군,강원특별자치도 고성군,sigungu_only,시군구명 단독 매칭은 중복 지명이 있을 수 있어 필요하면 시도명을 추가로 확인
고성군,고성군,51,강원특별자치도,51820,고성군,강원특별자치도 고성군,sigungu_only,시군구명 단독 매칭은 중복 지명이 있을 수 있어 필요하면 시도명을 추가로 확인
강원고성,강원고성,51,강원특별자치도,51820,고성군,강원특별자치도 고성군,area_sigungu,시도명과 시군구명을 함께 포함한 권장 매칭
강원고성군,강원고성군,51,강원특별자치도,51820,고성군,강원특별자치도 고성군,area_sigungu,시도명과 시군구명을 함께 포함한 권장 매칭
강원도고성,강원도고성,51,강원특별자치도,51820,고성군,강원특별자치도 고성군,area_sigungu,시도명과 시군구명을 함께 포함한 권장 매칭
강원도고성군,강원도고성군,51,강원특별자치도,51820,고성군,강원특별자치도 고성군,area_sigungu,시도명과 시군구명을 함께 포함한 권장 매칭
강원특별자치도고성,강원특별자치도고성,51,강원특별자치도,51820,고성군,강원특별자치도 고성군,area_sigungu,시도명과 시군구명을 함께 포함한 권장 매칭
강원특별자치도고성군,강원특별자치도고성군,51,강원특별자치도,51820,고성군,강원특별자치도 고성군,area_sigungu,시도명과 시군구명을 함께 포함한 권장 매칭
양양,양양,51,강원특별자치도,51830,양양군,강원특별자치도 양양군,sigungu_only,시군구명 단독 매칭은 중복 지명이 있을 수 있어 필요하면 시도명을 추가로 확인
양양군,양양군,51,강원특별자치도,51830,양양군,강원특별자치도 양양군,sigungu_only,시군구명 단독 매칭은 중복 지명이 있을 수 있어 필요하면 시도명을 추가로 확인
강원양양,강원양양,51,강원특별자치도,51830,양양군,강원특별자치도 양양군,area_sigungu,시도명과 시군구명을 함께 포함한 권장 매칭
강원도양양,강원도양양,51,강원특별자치도,51830,양양군,강원특별자치도 양양군,area_sigungu,시도명과 시군구명을 함께 포함한 권장 매칭
강원양양군,강원양양군,51,강원특별자치도,51830,양양군,강원특별자치도 양양군,area_sigungu,시도명과 시군구명을 함께 포함한 권장 매칭
강원도양양군,강원도양양군,51,강원특별자치도,51830,양양군,강원특별자치도 양양군,area_sigungu,시도명과 시군구명을 함께 포함한 권장 매칭
강원특별자치도양양,강원특별자치도양양,51,강원특별자치도,51830,양양군,강원특별자치도 양양군,area_sigungu,시도명과 시군구명을 함께 포함한 권장 매칭
강원특별자치도양양군,강원특별자치도양양군,51,강원특별자치도,51830,양양군,강원특별자치도 양양군,area_sigungu,시도명과 시군구명을 함께 포함한 권장 매칭
완산,완산,52,전북특별자치도,52111,전주시 완산구,전북특별자치도 전주시 완산구,sigungu_only,시군구명 단독 매칭은 중복 지명이 있을 수 있어 필요하면 시도명을 추가로 확인
완산구,완산구,52,전북특별자치도,52111,전주시 완산구,전북특별자치도 전주시 완산구,sigungu_only,시군구명 단독 매칭은 중복 지명이 있을 수 있어 필요하면 시도명을 추가로 확인
전북완산,전북완산,52,전북특별자치도,52111,전주시 완산구,전북특별자치도 전주시 완산구,area_sigungu,시도명과 시군구명을 함께 포함한 권장 매칭
전북완산구,전북완산구,52,전북특별자치도,52111,전주시 완산구,전북특별자치도 전주시 완산구,area_sigungu,시도명과 시군구명을 함께 포함한 권장 매칭
전라북도완산,전라북도완산,52,전북특별자치도,52111,전주시 완산구,전북특별자치도 전주시 완산구,area_sigungu,시도명과 시군구명을 함께 포함한 권장 매칭
전주시 완산,전주시완산,52,전북특별자치도,52111,전주시 완산구,전북특별자치도 전주시 완산구,sigungu_only,시군구명 단독 매칭은 중복 지명이 있을 수 있어 필요하면 시도명을 추가로 확인
전라북도완산구,전라북도완산구,52,전북특별자치도,52111,전주시 완산구,전북특별자치도 전주시 완산구,area_sigungu,시도명과 시군구명을 함께 포함한 권장 매칭
전주시 완산구,전주시완산구,52,전북특별자치도,52111,전주시 완산구,전북특별자치도 전주시 완산구,sigungu_only,시군구명 단독 매칭은 중복 지명이 있을 수 있어 필요하면 시도명을 추가로 확인
전북전주시 완산,전북전주시완산,52,전북특별자치도,52111,전주시 완산구,전북특별자치도 전주시 완산구,area_sigungu,시도명과 시군구명을 함께 포함한 권장 매칭
전북전주시 완산구,전북전주시완산구,52,전북특별자치도,52111,전주시 완산구,전북특별자치도 전주시 완산구,area_sigungu,시도명과 시군구명을 함께 포함한 권장 매칭
전북특별자치도완산,전북특별자치도완산,52,전북특별자치도,52111,전주시 완산구,전북특별자치도 전주시 완산구,area_sigungu,시도명과 시군구명을 함께 포함한 권장 매칭
전라북도전주시 완산,전라북도전주시완산,52,전북특별자치도,52111,전주시 완산구,전북특별자치도 전주시 완산구,area_sigungu,시도명과 시군구명을 함께 포함한 권장 매칭
전북특별자치도완산구,전북특별자치도완산구,52,전북특별자치도,52111,전주시 완산구,전북특별자치도 전주시 완산구,area_sigungu,시도명과 시군구명을 함께 포함한 권장 매칭
전라북도전주시 완산구,전라북도전주시완산구,52,전북특별자치도,52111,전주시 완산구,전북특별자치도 전주시 완산구,area_sigungu,시도명과 시군구명을 함께 포함한 권장 매칭
전북특별자치도전주시 완산,전북특별자치도전주시완산,52,전북특별자치도,52111,전주시 완산구,전북특별자치도 전주시 완산구,area_sigungu,시도명과 시군구명을 함께 포함한 권장 매칭
전북특별자치도전주시 완산구,전북특별자치도전주시완산구,52,전북특별자치도,52111,전주시 완산구,전북특별자치도 전주시 완산구,area_sigungu,시도명과 시군구명을 함께 포함한 권장 매칭
덕진,덕진,52,전북특별자치도,52113,전주시 덕진구,전북특별자치도 전주시 덕진구,sigungu_only,시군구명 단독 매칭은 중복 지명이 있을 수 있어 필요하면 시도명을 추가로 확인
덕진구,덕진구,52,전북특별자치도,52113,전주시 덕진구,전북특별자치도 전주시 덕진구,sigungu_only,시군구명 단독 매칭은 중복 지명이 있을 수 있어 필요하면 시도명을 추가로 확인
전북덕진,전북덕진,52,전북특별자치도,52113,전주시 덕진구,전북특별자치도 전주시 덕진구,area_sigungu,시도명과 시군구명을 함께 포함한 권장 매칭
전북덕진구,전북덕진구,52,전북특별자치도,52113,전주시 덕진구,전북특별자치도 전주시 덕진구,area_sigungu,시도명과 시군구명을 함께 포함한 권장 매칭
전라북도덕진,전라북도덕진,52,전북특별자치도,52113,전주시 덕진구,전북특별자치도 전주시 덕진구,area_sigungu,시도명과 시군구명을 함께 포함한 권장 매칭
전주시 덕진,전주시덕진,52,전북특별자치도,52113,전주시 덕진구,전북특별자치도 전주시 덕진구,sigungu_only,시군구명 단독 매칭은 중복 지명이 있을 수 있어 필요하면 시도명을 추가로 확인
전라북도덕진구,전라북도덕진구,52,전북특별자치도,52113,전주시 덕진구,전북특별자치도 전주시 덕진구,area_sigungu,시도명과 시군구명을 함께 포함한 권장 매칭
전주시 덕진구,전주시덕진구,52,전북특별자치도,52113,전주시 덕진구,전북특별자치도 전주시 덕진구,sigungu_only,시군구명 단독 매칭은 중복 지명이 있을 수 있어 필요하면 시도명을 추가로 확인
전북전주시 덕진,전북전주시덕진,52,전북특별자치도,52113,전주시 덕진구,전북특별자치도 전주시 덕진구,area_sigungu,시도명과 시군구명을 함께 포함한 권장 매칭
전북전주시 덕진구,전북전주시덕진구,52,전북특별자치도,52113,전주시 덕진구,전북특별자치도 전주시 덕진구,area_sigungu,시도명과 시군구명을 함께 포함한 권장 매칭
전북특별자치도덕진,전북특별자치도덕진,52,전북특별자치도,52113,전주시 덕진구,전북특별자치도 전주시 덕진구,area_sigungu,시도명과 시군구명을 함께 포함한 권장 매칭
전라북도전주시 덕진,전라북도전주시덕진,52,전북특별자치도,52113,전주시 덕진구,전북특별자치도 전주시 덕진구,area_sigungu,시도명과 시군구명을 함께 포함한 권장 매칭
전북특별자치도덕진구,전북특별자치도덕진구,52,전북특별자치도,52113,전주시 덕진구,전북특별자치도 전주시 덕진구,area_sigungu,시도명과 시군구명을 함께 포함한 권장 매칭
전라북도전주시 덕진구,전라북도전주시덕진구,52,전북특별자치도,52113,전주시 덕진구,전북특별자치도 전주시 덕진구,area_sigungu,시도명과 시군구명을 함께 포함한 권장 매칭
전북특별자치도전주시 덕진,전북특별자치도전주시덕진,52,전북특별자치도,52113,전주시 덕진구,전북특별자치도 전주시 덕진구,area_sigungu,시도명과 시군구명을 함께 포함한 권장 매칭
전북특별자치도전주시 덕진구,전북특별자치도전주시덕진구,52,전북특별자치도,52113,전주시 덕진구,전북특별자치도 전주시 덕진구,area_sigungu,시도명과 시군구명을 함께 포함한 권장 매칭
군산,군산,52,전북특별자치도,52130,군산시,전북특별자치도 군산시,sigungu_only,시군구명 단독 매칭은 중복 지명이 있을 수 있어 필요하면 시도명을 추가로 확인
군산시,군산시,52,전북특별자치도,52130,군산시,전북특별자치도 군산시,sigungu_only,시군구명 단독 매칭은 중복 지명이 있을 수 있어 필요하면 시도명을 추가로 확인
전북군산,전북군산,52,전북특별자치도,52130,군산시,전북특별자치도 군산시,area_sigungu,시도명과 시군구명을 함께 포함한 권장 매칭
전북군산시,전북군산시,52,전북특별자치도,52130,군산시,전북특별자치도 군산시,area_sigungu,시도명과 시군구명을 함께 포함한 권장 매칭
전라북도군산,전라북도군산,52,전북특별자치도,52130,군산시,전북특별자치도 군산시,area_sigungu,시도명과 시군구명을 함께 포함한 권장 매칭
전라북도군산시,전라북도군산시,52,전북특별자치도,52130,군산시,전북특별자치도 군산시,area_sigungu,시도명과 시군구명을 함께 포함한 권장 매칭
전북특별자치도군산,전북특별자치도군산,52,전북특별자치도,52130,군산시,전북특별자치도 군산시,area_sigungu,시도명과 시군구명을 함께 포함한 권장 매칭
전북특별자치도군산시,전북특별자치도군산시,52,전북특별자치도,52130,군산시,전북특별자치도 군산시,area_sigungu,시도명과 시군구명을 함께 포함한 권장 매칭
익산,익산,52,전북특별자치도,52140,익산시,전북특별자치도 익산시,sigungu_only,시군구명 단독 매칭은 중복 지명이 있을 수 있어 필요하면 시도명을 추가로 확인
익산시,익산시,52,전북특별자치도,52140,익산시,전북특별자치도 익산시,sigungu_only,시군구명 단독 매칭은 중복 지명이 있을 수 있어 필요하면 시도명을 추가로 확인
전북익산,전북익산,52,전북특별자치도,52140,익산시,전북특별자치도 익산시,area_sigungu,시도명과 시군구명을 함께 포함한 권장 매칭
전북익산시,전북익산시,52,전북특별자치도,52140,익산시,전북특별자치도 익산시,area_sigungu,시도명과 시군구명을 함께 포함한 권장 매칭
전라북도익산,전라북도익산,52,전북특별자치도,52140,익산시,전북특별자치도 익산시,area_sigungu,시도명과 시군구명을 함께 포함한 권장 매칭
전라북도익산시,전라북도익산시,52,전북특별자치도,52140,익산시,전북특별자치도 익산시,area_sigungu,시도명과 시군구명을 함께 포함한 권장 매칭
전북특별자치도익산,전북특별자치도익산,52,전북특별자치도,52140,익산시,전북특별자치도 익산시,area_sigungu,시도명과 시군구명을 함께 포함한 권장 매칭
전북특별자치도익산시,전북특별자치도익산시,52,전북특별자치도,52140,익산시,전북특별자치도 익산시,area_sigungu,시도명과 시군구명을 함께 포함한 권장 매칭
정읍,정읍,52,전북특별자치도,52180,정읍시,전북특별자치도 정읍시,sigungu_only,시군구명 단독 매칭은 중복 지명이 있을 수 있어 필요하면 시도명을 추가로 확인
정읍시,정읍시,52,전북특별자치도,52180,정읍시,전북특별자치도 정읍시,sigungu_only,시군구명 단독 매칭은 중복 지명이 있을 수 있어 필요하면 시도명을 추가로 확인
전북정읍,전북정읍,52,전북특별자치도,52180,정읍시,전북특별자치도 정읍시,area_sigungu,시도명과 시군구명을 함께 포함한 권장 매칭
전북정읍시,전북정읍시,52,전북특별자치도,52180,정읍시,전북특별자치도 정읍시,area_sigungu,시도명과 시군구명을 함께 포함한 권장 매칭
전라북도정읍,전라북도정읍,52,전북특별자치도,52180,정읍시,전북특별자치도 정읍시,area_sigungu,시도명과 시군구명을 함께 포함한 권장 매칭
전라북도정읍시,전라북도정읍시,52,전북특별자치도,52180,정읍시,전북특별자치도 정읍시,area_sigungu,시도명과 시군구명을 함께 포함한 권장 매칭
전북특별자치도정읍,전북특별자치도정읍,52,전북특별자치도,52180,정읍시,전북특별자치도 정읍시,area_sigungu,시도명과 시군구명을 함께 포함한 권장 매칭
전북특별자치도정읍시,전북특별자치도정읍시,52,전북특별자치도,52180,정읍시,전북특별자치도 정읍시,area_sigungu,시도명과 시군구명을 함께 포함한 권장 매칭
남원,남원,52,전북특별자치도,52190,남원시,전북특별자치도 남원시,sigungu_only,시군구명 단독 매칭은 중복 지명이 있을 수 있어 필요하면 시도명을 추가로 확인
남원시,남원시,52,전북특별자치도,52190,남원시,전북특별자치도 남원시,sigungu_only,시군구명 단독 매칭은 중복 지명이 있을 수 있어 필요하면 시도명을 추가로 확인
전북남원,전북남원,52,전북특별자치도,52190,남원시,전북특별자치도 남원시,area_sigungu,시도명과 시군구명을 함께 포함한 권장 매칭
전북남원시,전북남원시,52,전북특별자치도,52190,남원시,전북특별자치도 남원시,area_sigungu,시도명과 시군구명을 함께 포함한 권장 매칭
전라북도남원,전라북도남원,52,전북특별자치도,52190,남원시,전북특별자치도 남원시,area_sigungu,시도명과 시군구명을 함께 포함한 권장 매칭
전라북도남원시,전라북도남원시,52,전북특별자치도,52190,남원시,전북특별자치도 남원시,area_sigungu,시도명과 시군구명을 함께 포함한 권장 매칭
전북특별자치도남원,전북특별자치도남원,52,전북특별자치도,52190,남원시,전북특별자치도 남원시,area_sigungu,시도명과 시군구명을 함께 포함한 권장 매칭
전북특별자치도남원시,전북특별자치도남원시,52,전북특별자치도,52190,남원시,전북특별자치도 남원시,area_sigungu,시도명과 시군구명을 함께 포함한 권장 매칭
김제,김제,52,전북특별자치도,52210,김제시,전북특별자치도 김제시,sigungu_only,시군구명 단독 매칭은 중복 지명이 있을 수 있어 필요하면 시도명을 추가로 확인
김제시,김제시,52,전북특별자치도,52210,김제시,전북특별자치도 김제시,sigungu_only,시군구명 단독 매칭은 중복 지명이 있을 수 있어 필요하면 시도명을 추가로 확인
전북김제,전북김제,52,전북특별자치도,52210,김제시,전북특별자치도 김제시,area_sigungu,시도명과 시군구명을 함께 포함한 권장 매칭
전북김제시,전북김제시,52,전북특별자치도,52210,김제시,전북특별자치도 김제시,area_sigungu,시도명과 시군구명을 함께 포함한 권장 매칭
전라북도김제,전라북도김제,52,전북특별자치도,52210,김제시,전북특별자치도 김제시,area_sigungu,시도명과 시군구명을 함께 포함한 권장 매칭
전라북도김제시,전라북도김제시,52,전북특별자치도,52210,김제시,전북특별자치도 김제시,area_sigungu,시도명과 시군구명을 함께 포함한 권장 매칭
전북특별자치도김제,전북특별자치도김제,52,전북특별자치도,52210,김제시,전북특별자치도 김제시,area_sigungu,시도명과 시군구명을 함께 포함한 권장 매칭
전북특별자치도김제시,전북특별자치도김제시,52,전북특별자치도,52210,김제시,전북특별자치도 김제시,area_sigungu,시도명과 시군구명을 함께 포함한 권장 매칭
완주,완주,52,전북특별자치도,52710,완주군,전북특별자치도 완주군,sigungu_only,시군구명 단독 매칭은 중복 지명이 있을 수 있어 필요하면 시도명을 추가로 확인
완주군,완주군,52,전북특별자치도,52710,완주군,전북특별자치도 완주군,sigungu_only,시군구명 단독 매칭은 중복 지명이 있을 수 있어 필요하면 시도명을 추가로 확인
전북완주,전북완주,52,전북특별자치도,52710,완주군,전북특별자치도 완주군,area_sigungu,시도명과 시군구명을 함께 포함한 권장 매칭
전북완주군,전북완주군,52,전북특별자치도,52710,완주군,전북특별자치도 완주군,area_sigungu,시도명과 시군구명을 함께 포함한 권장 매칭
전라북도완주,전라북도완주,52,전북특별자치도,52710,완주군,전북특별자치도 완주군,area_sigungu,시도명과 시군구명을 함께 포함한 권장 매칭
전라북도완주군,전라북도완주군,52,전북특별자치도,52710,완주군,전북특별자치도 완주군,area_sigungu,시도명과 시군구명을 함께 포함한 권장 매칭
전북특별자치도완주,전북특별자치도완주,52,전북특별자치도,52710,완주군,전북특별자치도 완주군,area_sigungu,시도명과 시군구명을 함께 포함한 권장 매칭
전북특별자치도완주군,전북특별자치도완주군,52,전북특별자치도,52710,완주군,전북특별자치도 완주군,area_sigungu,시도명과 시군구명을 함께 포함한 권장 매칭
진안,진안,52,전북특별자치도,52720,진안군,전북특별자치도 진안군,sigungu_only,시군구명 단독 매칭은 중복 지명이 있을 수 있어 필요하면 시도명을 추가로 확인
진안군,진안군,52,전북특별자치도,52720,진안군,전북특별자치도 진안군,sigungu_only,시군구명 단독 매칭은 중복 지명이 있을 수 있어 필요하면 시도명을 추가로 확인
전북진안,전북진안,52,전북특별자치도,52720,진안군,전북특별자치도 진안군,area_sigungu,시도명과 시군구명을 함께 포함한 권장 매칭
전북진안군,전북진안군,52,전북특별자치도,52720,진안군,전북특별자치도 진안군,area_sigungu,시도명과 시군구명을 함께 포함한 권장 매칭
전라북도진안,전라북도진안,52,전북특별자치도,52720,진안군,전북특별자치도 진안군,area_sigungu,시도명과 시군구명을 함께 포함한 권장 매칭
전라북도진안군,전라북도진안군,52,전북특별자치도,52720,진안군,전북특별자치도 진안군,area_sigungu,시도명과 시군구명을 함께 포함한 권장 매칭
전북특별자치도진안,전북특별자치도진안,52,전북특별자치도,52720,진안군,전북특별자치도 진안군,area_sigungu,시도명과 시군구명을 함께 포함한 권장 매칭
전북특별자치도진안군,전북특별자치도진안군,52,전북특별자치도,52720,진안군,전북특별자치도 진안군,area_sigungu,시도명과 시군구명을 함께 포함한 권장 매칭
무주,무주,52,전북특별자치도,52730,무주군,전북특별자치도 무주군,sigungu_only,시군구명 단독 매칭은 중복 지명이 있을 수 있어 필요하면 시도명을 추가로 확인
무주군,무주군,52,전북특별자치도,52730,무주군,전북특별자치도 무주군,sigungu_only,시군구명 단독 매칭은 중복 지명이 있을 수 있어 필요하면 시도명을 추가로 확인
전북무주,전북무주,52,전북특별자치도,52730,무주군,전북특별자치도 무주군,area_sigungu,시도명과 시군구명을 함께 포함한 권장 매칭
전북무주군,전북무주군,52,전북특별자치도,52730,무주군,전북특별자치도 무주군,area_sigungu,시도명과 시군구명을 함께 포함한 권장 매칭
전라북도무주,전라북도무주,52,전북특별자치도,52730,무주군,전북특별자치도 무주군,area_sigungu,시도명과 시군구명을 함께 포함한 권장 매칭
전라북도무주군,전라북도무주군,52,전북특별자치도,52730,무주군,전북특별자치도 무주군,area_sigungu,시도명과 시군구명을 함께 포함한 권장 매칭
전북특별자치도무주,전북특별자치도무주,52,전북특별자치도,52730,무주군,전북특별자치도 무주군,area_sigungu,시도명과 시군구명을 함께 포함한 권장 매칭
전북특별자치도무주군,전북특별자치도무주군,52,전북특별자치도,52730,무주군,전북특별자치도 무주군,area_sigungu,시도명과 시군구명을 함께 포함한 권장 매칭
장수,장수,52,전북특별자치도,52740,장수군,전북특별자치도 장수군,sigungu_only,시군구명 단독 매칭은 중복 지명이 있을 수 있어 필요하면 시도명을 추가로 확인
장수군,장수군,52,전북특별자치도,52740,장수군,전북특별자치도 장수군,sigungu_only,시군구명 단독 매칭은 중복 지명이 있을 수 있어 필요하면 시도명을 추가로 확인
전북장수,전북장수,52,전북특별자치도,52740,장수군,전북특별자치도 장수군,area_sigungu,시도명과 시군구명을 함께 포함한 권장 매칭
전북장수군,전북장수군,52,전북특별자치도,52740,장수군,전북특별자치도 장수군,area_sigungu,시도명과 시군구명을 함께 포함한 권장 매칭
전라북도장수,전라북도장수,52,전북특별자치도,52740,장수군,전북특별자치도 장수군,area_sigungu,시도명과 시군구명을 함께 포함한 권장 매칭
전라북도장수군,전라북도장수군,52,전북특별자치도,52740,장수군,전북특별자치도 장수군,area_sigungu,시도명과 시군구명을 함께 포함한 권장 매칭
전북특별자치도장수,전북특별자치도장수,52,전북특별자치도,52740,장수군,전북특별자치도 장수군,area_sigungu,시도명과 시군구명을 함께 포함한 권장 매칭
전북특별자치도장수군,전북특별자치도장수군,52,전북특별자치도,52740,장수군,전북특별자치도 장수군,area_sigungu,시도명과 시군구명을 함께 포함한 권장 매칭
임실,임실,52,전북특별자치도,52750,임실군,전북특별자치도 임실군,sigungu_only,시군구명 단독 매칭은 중복 지명이 있을 수 있어 필요하면 시도명을 추가로 확인
임실군,임실군,52,전북특별자치도,52750,임실군,전북특별자치도 임실군,sigungu_only,시군구명 단독 매칭은 중복 지명이 있을 수 있어 필요하면 시도명을 추가로 확인
전북임실,전북임실,52,전북특별자치도,52750,임실군,전북특별자치도 임실군,area_sigungu,시도명과 시군구명을 함께 포함한 권장 매칭
전북임실군,전북임실군,52,전북특별자치도,52750,임실군,전북특별자치도 임실군,area_sigungu,시도명과 시군구명을 함께 포함한 권장 매칭
전라북도임실,전라북도임실,52,전북특별자치도,52750,임실군,전북특별자치도 임실군,area_sigungu,시도명과 시군구명을 함께 포함한 권장 매칭
전라북도임실군,전라북도임실군,52,전북특별자치도,52750,임실군,전북특별자치도 임실군,area_sigungu,시도명과 시군구명을 함께 포함한 권장 매칭
전북특별자치도임실,전북특별자치도임실,52,전북특별자치도,52750,임실군,전북특별자치도 임실군,area_sigungu,시도명과 시군구명을 함께 포함한 권장 매칭
전북특별자치도임실군,전북특별자치도임실군,52,전북특별자치도,52750,임실군,전북특별자치도 임실군,area_sigungu,시도명과 시군구명을 함께 포함한 권장 매칭
순창,순창,52,전북특별자치도,52770,순창군,전북특별자치도 순창군,sigungu_only,시군구명 단독 매칭은 중복 지명이 있을 수 있어 필요하면 시도명을 추가로 확인
순창군,순창군,52,전북특별자치도,52770,순창군,전북특별자치도 순창군,sigungu_only,시군구명 단독 매칭은 중복 지명이 있을 수 있어 필요하면 시도명을 추가로 확인
전북순창,전북순창,52,전북특별자치도,52770,순창군,전북특별자치도 순창군,area_sigungu,시도명과 시군구명을 함께 포함한 권장 매칭
전북순창군,전북순창군,52,전북특별자치도,52770,순창군,전북특별자치도 순창군,area_sigungu,시도명과 시군구명을 함께 포함한 권장 매칭
전라북도순창,전라북도순창,52,전북특별자치도,52770,순창군,전북특별자치도 순창군,area_sigungu,시도명과 시군구명을 함께 포함한 권장 매칭
전라북도순창군,전라북도순창군,52,전북특별자치도,52770,순창군,전북특별자치도 순창군,area_sigungu,시도명과 시군구명을 함께 포함한 권장 매칭
전북특별자치도순창,전북특별자치도순창,52,전북특별자치도,52770,순창군,전북특별자치도 순창군,area_sigungu,시도명과 시군구명을 함께 포함한 권장 매칭
전북특별자치도순창군,전북특별자치도순창군,52,전북특별자치도,52770,순창군,전북특별자치도 순창군,area_sigungu,시도명과 시군구명을 함께 포함한 권장 매칭
고창,고창,52,전북특별자치도,52790,고창군,전북특별자치도 고창군,sigungu_only,시군구명 단독 매칭은 중복 지명이 있을 수 있어 필요하면 시도명을 추가로 확인
고창군,고창군,52,전북특별자치도,52790,고창군,전북특별자치도 고창군,sigungu_only,시군구명 단독 매칭은 중복 지명이 있을 수 있어 필요하면 시도명을 추가로 확인
전북고창,전북고창,52,전북특별자치도,52790,고창군,전북특별자치도 고창군,area_sigungu,시도명과 시군구명을 함께 포함한 권장 매칭
전북고창군,전북고창군,52,전북특별자치도,52790,고창군,전북특별자치도 고창군,area_sigungu,시도명과 시군구명을 함께 포함한 권장 매칭
전라북도고창,전라북도고창,52,전북특별자치도,52790,고창군,전북특별자치도 고창군,area_sigungu,시도명과 시군구명을 함께 포함한 권장 매칭
전라북도고창군,전라북도고창군,52,전북특별자치도,52790,고창군,전북특별자치도 고창군,area_sigungu,시도명과 시군구명을 함께 포함한 권장 매칭
전북특별자치도고창,전북특별자치도고창,52,전북특별자치도,52790,고창군,전북특별자치도 고창군,area_sigungu,시도명과 시군구명을 함께 포함한 권장 매칭
전북특별자치도고창군,전북특별자치도고창군,52,전북특별자치도,52790,고창군,전북특별자치도 고창군,area_sigungu,시도명과 시군구명을 함께 포함한 권장 매칭
부안,부안,52,전북특별자치도,52800,부안군,전북특별자치도 부안군,sigungu_only,시군구명 단독 매칭은 중복 지명이 있을 수 있어 필요하면 시도명을 추가로 확인
부안군,부안군,52,전북특별자치도,52800,부안군,전북특별자치도 부안군,sigungu_only,시군구명 단독 매칭은 중복 지명이 있을 수 있어 필요하면 시도명을 추가로 확인
전북부안,전북부안,52,전북특별자치도,52800,부안군,전북특별자치도 부안군,area_sigungu,시도명과 시군구명을 함께 포함한 권장 매칭
전북부안군,전북부안군,52,전북특별자치도,52800,부안군,전북특별자치도 부안군,area_sigungu,시도명과 시군구명을 함께 포함한 권장 매칭
전라북도부안,전라북도부안,52,전북특별자치도,52800,부안군,전북특별자치도 부안군,area_sigungu,시도명과 시군구명을 함께 포함한 권장 매칭
전라북도부안군,전라북도부안군,52,전북특별자치도,52800,부안군,전북특별자치도 부안군,area_sigungu,시도명과 시군구명을 함께 포함한 권장 매칭
전북특별자치도부안,전북특별자치도부안,52,전북특별자치도,52800,부안군,전북특별자치도 부안군,area_sigungu,시도명과 시군구명을 함께 포함한 권장 매칭
전북특별자치도부안군,전북특별자치도부안군,52,전북특별자치도,52800,부안군,전북특별자치도 부안군,area_sigungu,시도명과 시군구명을 함께 포함한 권장 매칭
